artifact_id,relative_path,role,format,sha256,bytes,generated_by_rule,external_accession,license
ref_figure_1_png,reference/2026-07-09/figures/Figure_1.png,frozen_reference,png,6ea2f6ad85f1c0e70c351c5b7811716878c2efa9cb7bc13682b9f2f04c73d202,1708680,,,not_redistributed
ref_figure_1_svg,reference/2026-07-09/figures/Figure_1.svg,frozen_reference,svg,3f833d18f68df7458121f212cbbea4c25475f39e402cdfe516e123e3995c1f51,4519330,,,not_redistributed
ref_figure_2_png,reference/2026-07-09/figures/Figure_2.png,frozen_reference,png,62289a175f0d34dc5d2d0beccfa79900a2df87dd3665012f06b432d5a3cbddc0,1553902,,,not_redistributed
ref_figure_2_svg,reference/2026-07-09/figures/Figure_2.svg,frozen_reference,svg,5d0d4848c6f147f9cfd729c10c62b7c3e6f865edfaa687d29fe311fb03c14ea8,1551061,,,not_redistributed
ref_figure_3_png,reference/2026-07-09/figures/Figure_3.png,frozen_reference,png,ffbe9b307137ab22c3572da2a08c238b135caadfb78fb7faf9bd60b705801932,2221388,,,not_redistributed
ref_figure_3_svg,reference/2026-07-09/figures/Figure_3.svg,frozen_reference,svg,9de8fd7066d4b6faba3e483e41ea27a8544e15f7c12e949e66a38bfc559874ce,1506583,,,not_redistributed
ref_figure_4_png,reference/2026-07-09/figures/Figure_4.png,frozen_reference,png,af21c800dfeff57a62a89f06f962bc48a3ea8bb7dd4f74d13a1b5e16c3006ccd,1070960,,,not_redistributed
ref_figure_4_svg,reference/2026-07-09/figures/Figure_4.svg,frozen_reference,svg,ddf753ca274c1f7fe35174178a7cdb8f621b9e3c44f9da2f4454394add57f6e7,2756166,,,not_redistributed
ref_figure_5_png,reference/2026-07-09/figures/Figure_5.png,frozen_reference,png,3a0414dde2ba32d3f8f30194e9432753da9ed3e7176134de7670466b8c6974ba,981360,,,not_redistributed
ref_figure_5_svg,reference/2026-07-09/figures/Figure_5.svg,frozen_reference,svg,8f989c97ea71ed0105edd484680691b6dfed74ec64e3d7ba67c4226d21005246,14041244,,,not_redistributed
ref_manuscript_docx,reference/2026-07-09/manuscript/20260709_The cost-benefit trade-off_manuscript.docx,frozen_reference,docx,36fa65cf117269e98ca6061881ce3b3c7e24a30d56543926d078273e5bdd3d68,10493171,,,not_redistributed
ref_supplementary_figure_1_png,reference/2026-07-09/figures/Supplemental-figure_1.png,frozen_reference,png,4c331337feac57fca663992c337f92657fd84bf6693fa2c81fcd6546f59c62b8,465704,,,not_redistributed
ref_supplementary_figure_1_svg,reference/2026-07-09/figures/Supplemental-figure_1.svg,frozen_reference,svg,aa420940d3c838523cdf33439b8c9b7886108530127f7bc886baa6629c385a98,907814,,,not_redistributed
ref_supplementary_figure_2_png,reference/2026-07-09/figures/Supplemental-figure_2.png,frozen_reference,png,92505383bdf1d4be2aaf37f4de03e553745969d5762378a48ac71eac6a301fc6,557267,,,not_redistributed
ref_supplementary_figure_2_svg,reference/2026-07-09/figures/Supplemental-figure_2.svg,frozen_reference,svg,7c87795b04039fbec00e7d44b02036de5e4d9e7d32bd060827bca4f0d8b1fd77,1378000,,,not_redistributed
ref_supplementary_figure_3_png,reference/2026-07-09/figures/Supplemental-figure_3.png,frozen_reference,png,aa239d19b05c6b896edf0ae2c2918d980772eea3e76a910d421c2f372b051671,142681,,,not_redistributed
ref_supplementary_figure_3_svg,reference/2026-07-09/figures/Supplemental-figure_3.svg,frozen_reference,svg,047d3a7f996e455573f7a7335f92ea6ffa57daa1bab6a89c2fe905da6685fffb,534744,,,not_redistributed
ref_supplementary_figure_4_png,reference/2026-07-09/figures/Supplemental-figure_4.png,frozen_reference,png,3d6e8e9eb17f5e0fc27cb6e0b27834068a0b0a094f559f5ea124b22ce1eb8d4e,1055253,,,not_redistributed
ref_supplementary_figure_4_svg,reference/2026-07-09/figures/Supplemental-figure_4.svg,frozen_reference,svg,7b5ff75352cc5d258d2363b3fbdc1279a966a43773a7a49986f2822eb5db85ae,374484,,,not_redistributed
ref_supplementary_figure_5_png,reference/2026-07-09/figures/Supplemental-figure_5.png,frozen_reference,png,778a5895fd3758b82299e2d3c23584c0a2da04f5f62a500f3d6a0fe4e0133a1a,2503004,,,not_redistributed
ref_supplementary_figure_5_svg,reference/2026-07-09/figures/Supplemental-figure_5.svg,frozen_reference,svg,5f9fa19505a4151c2a0dfb31f1ddd7164a00549df784bb420a9aab4cf2199d61,2435098,,,not_redistributed
partial_f1_c_cell_points_csv,data/processed/figure_01/F1_C/cell_points.csv,partial_processed_input,csv,32b76201f4a7336719d9a5f097b5f4d20b587cccc702b881f4de4906f244779e,2752299,,,internal_pending_release
partial_f1_c_f1_c_distribution_csv,build/source_data/Figure_1/C/F1_C_distribution.csv,partial_source_data,csv,1b03605ba1936624d30bccdfcada0fabf36e313618a7171141f7998e49ecd087,2764276,build_revision_f1_c,,internal_pending_release
partial_f1_c_f1_c_pdf,build/panels/Figure_1/C/F1_C.pdf,partial_panel_output,pdf,5355f63ddcc95977d0124c2506727eff07894a9811cf8df27bd1df3bbfd93711,33058,build_revision_f1_c,,internal_pending_release
partial_f1_c_f1_c_png,build/panels/Figure_1/C/F1_C.png,partial_panel_output,png,59d49e9a2ce11b55c6c1c3f49021024f866b4dc51b3e6b0e58145acbac7bba97,76229,build_revision_f1_c,,internal_pending_release
partial_f1_c_f1_c_replicate_means_csv,build/source_data/Figure_1/C/F1_C_replicate_means.csv,partial_source_data,csv,e3697124f1d24a2cf91c896be2225cb5dd2447e8893cc58e804024c912de35aa,1817,build_revision_f1_c,,internal_pending_release
partial_f1_c_f1_c_statistics_csv,build/statistics/Figure_1/C/F1_C_statistics.csv,partial_statistics,csv,a83320fa0f712eaedf2aa03c3050927205a48e46fc743c9d1680b751c8e1e125,3530,build_revision_f1_c,,internal_pending_release
partial_f1_c_f1_c_svg,build/panels/Figure_1/C/F1_C.svg,partial_panel_output,svg,5ba9550785d2b6a14340988e955c2cdfa0926f03301107401b12d43309e12201,48988,build_revision_f1_c,,internal_pending_release
partial_f1_c_legacy_statistics_csv,data/processed/figure_01/F1_C/legacy_statistics.csv,partial_processed_input,csv,8e47d58d73d26974db72fa70b9ba4d2b461b104d751beb7c23191b68dfcd1e3e,3169,,,internal_pending_release
partial_f1_c_replicate_means_csv,data/processed/figure_01/F1_C/replicate_means.csv,partial_processed_input,csv,4d05aa357644b865a32f42a0ae72bf3a86aa514649bf001fee59a09f7d6fce23,1881,,,internal_pending_release
partial_f1_d_cell_points_csv,data/processed/figure_01/F1_D/cell_points.csv,partial_processed_input,csv,55534cd2b470d969639e6a3a6d19a24f6549f6f1a497f9c4f03f96c5672e4a0f,2752302,,,internal_pending_release
partial_f1_d_f1_d_distribution_csv,build/source_data/Figure_1/D/F1_D_distribution.csv,partial_source_data,csv,41a5204be5f8a5ac5262aa5c70808154e24dc45031613f8d3583a1299cb15be9,2764279,build_revision_f1_d,,internal_pending_release
partial_f1_d_f1_d_pdf,build/panels/Figure_1/D/F1_D.pdf,partial_panel_output,pdf,945eedd5a6617fff2e28c5b2a5933842875bba3b1f11b4f08ee924ab867b8b8e,32403,build_revision_f1_d,,internal_pending_release
partial_f1_d_f1_d_png,build/panels/Figure_1/D/F1_D.png,partial_panel_output,png,cb918b36da318ad497a9b6cac611688fe41e373bdbbc1df08a1e6c4cddc501b7,76926,build_revision_f1_d,,internal_pending_release
partial_f1_d_f1_d_replicate_means_csv,build/source_data/Figure_1/D/F1_D_replicate_means.csv,partial_source_data,csv,1f46ede338a2db0264347c0f3c84354fcbc84c881056753724bfdcf5fbd70600,1825,build_revision_f1_d,,internal_pending_release
partial_f1_d_f1_d_statistics_csv,build/statistics/Figure_1/D/F1_D_statistics.csv,partial_statistics,csv,ab0450d4cac6edbaa7ede81339f587b715e4574b0e08f29dfeeb2b60007255c4,3523,build_revision_f1_d,,internal_pending_release
partial_f1_d_f1_d_svg,build/panels/Figure_1/D/F1_D.svg,partial_panel_output,svg,337e608c2a6be3b6a2b872b6fda22b04f96675bc66a34d1efbc6a07487a34b47,48386,build_revision_f1_d,,internal_pending_release
partial_f1_d_legacy_statistics_csv,data/processed/figure_01/F1_D/legacy_statistics.csv,partial_processed_input,csv,a09acfc6094379cddda7ac4c622d15ae6d70caf11b0b03f181130eccec356277,3180,,,internal_pending_release
partial_f1_d_replicate_means_csv,data/processed/figure_01/F1_D/replicate_means.csv,partial_processed_input,csv,b3553a3537f27f92515b4448fa1c9ae9dca572f1dce968bb80ee9f728550e955,1887,,,internal_pending_release
partial_f1_e_cell_points_csv,data/processed/figure_01/F1_E/cell_points.csv,partial_processed_input,csv,949407c2d713642e71c985117d2172fa5f973a0af94fdf823ff20b9aa22eb77b,2057637,,,internal_pending_release
partial_f1_e_f1_e_bubble_counts_csv,build/source_data/Figure_1/E/F1_E_bubble_counts.csv,partial_source_data,csv,980b6f8a0cfbbf948c4f3ec406e7a3f1d1f04885f9663a4cf55a7886fc26d3dd,1961,build_revision_f1_e,,internal_pending_release
partial_f1_e_f1_e_pdf,build/panels/Figure_1/E/F1_E.pdf,partial_panel_output,pdf,e6b55d3970280d64ddbdd9f4b1e11b4ed745d76804d8e17bc7d83eb7958b0438,25745,build_revision_f1_e,,internal_pending_release
partial_f1_e_f1_e_png,build/panels/Figure_1/E/F1_E.png,partial_panel_output,png,dd22ee30c9944e63263fb2e2230402fe00ce3e5fa2f8453d36384b3c05679ac2,36783,build_revision_f1_e,,internal_pending_release
partial_f1_e_f1_e_statistics_csv,build/statistics/Figure_1/E/F1_E_statistics.csv,partial_statistics,csv,6931f72810bc6bd334d1c955b28af8946fb0ee5d584197c1e98b466c55ca8568,284,build_revision_f1_e,,internal_pending_release
partial_f1_e_f1_e_svg,build/panels/Figure_1/E/F1_E.svg,partial_panel_output,svg,2619ab9fba0b90a6593be30d65c8ca2b98fa6061703dac98fa330e3e291dad2a,44108,build_revision_f1_e,,internal_pending_release
partial_f1_e_legacy_bubble_counts_csv,data/processed/figure_01/F1_E/legacy_bubble_counts.csv,partial_processed_input,csv,980b6f8a0cfbbf948c4f3ec406e7a3f1d1f04885f9663a4cf55a7886fc26d3dd,1961,,,internal_pending_release
partial_f1_e_legacy_statistics_csv,data/processed/figure_01/F1_E/legacy_statistics.csv,partial_processed_input,csv,2f2b879b8812e1120950db885b476f5b220d87b97d148149fca951540027b701,296,,,internal_pending_release
partial_f1_h_f1_h_distribution_csv,build/source_data/Figure_1/H/F1_H_distribution.csv,partial_source_data,csv,e38ac3b3ae5b064ed1d71620df2498237f7a0d3e50d3eb9a9333058e45e9c58b,6455,build_revision_f1_h,,internal_pending_release
partial_f1_h_f1_h_pdf,build/panels/Figure_1/H/F1_H.pdf,partial_panel_output,pdf,5b5120ad0bd1517227d3046bc7de6fa633cfd9d6e65c99a07e1b70721896b2d3,32831,build_revision_f1_h,,internal_pending_release
partial_f1_h_f1_h_png,build/panels/Figure_1/H/F1_H.png,partial_panel_output,png,0afaba7b4baac83ce35aaa250c6efced55dc005c4476acf96c0b6eed70f95651,81535,build_revision_f1_h,,internal_pending_release
partial_f1_h_f1_h_replicate_means_csv,build/source_data/Figure_1/H/F1_H_replicate_means.csv,partial_source_data,csv,6ad8eeb8ea75d90afbb58f1b55d9b5f50a5c13404bf573062005bacb011345c3,1084,build_revision_f1_h,,internal_pending_release
partial_f1_h_f1_h_statistics_csv,build/statistics/Figure_1/H/F1_H_statistics.csv,partial_statistics,csv,6f69e2ea25c0f0ded8fc13cb480d8da273dc7a7b6830729ef13d7eded8460a4f,1865,build_revision_f1_h,,internal_pending_release
partial_f1_h_f1_h_svg,build/panels/Figure_1/H/F1_H.svg,partial_panel_output,svg,45c8a747275f952855d0ddef9c1e9770a381d1179bf881fae9b61113a0654cc4,47271,build_revision_f1_h,,internal_pending_release
partial_f1_h_histogram_counts_csv,data/processed/figure_01/F1_H/histogram_counts.csv,partial_processed_input,csv,e38ac3b3ae5b064ed1d71620df2498237f7a0d3e50d3eb9a9333058e45e9c58b,6455,,,internal_pending_release
partial_f1_h_legacy_statistics_csv,data/processed/figure_01/F1_H/legacy_statistics.csv,partial_processed_input,csv,255494b37f809edac20ed8c4dc6b6e44499de7796304c5ee893534f6e79ae280,1681,,,internal_pending_release
partial_f1_h_replicate_means_csv,data/processed/figure_01/F1_H/replicate_means.csv,partial_processed_input,csv,e01461b3cb644574f1fdbf9e1862abf472ea5636a0349ef8b0b33f1ecf735407,1133,,,internal_pending_release
partial_f2_a_f2_a_pdf,build/panels/Figure_2/A/F2_A.pdf,partial_panel_output,pdf,0fd8124f1ff68f7324eee40518654d0061e7c6f2d50a1ab017fbfa4defb7d420,38449,build_revision_f2_a,,internal_pending_release
partial_f2_a_f2_a_png,build/panels/Figure_2/A/F2_A.png,partial_panel_output,png,f340f3554ae773c8968f6740378e3f94405fb87c152314839dd02b3ba50a3f96,111286,build_revision_f2_a,,internal_pending_release
partial_f2_a_f2_a_source_data_csv,build/source_data/Figure_2/A/F2_A_source_data.csv,partial_source_data,csv,c1339d2f7faf63707ab6d4458c346668db3f06bb40a2380b162f0de3579b30a2,59802,build_revision_f2_a,,internal_pending_release
partial_f2_a_f2_a_statistics_csv,build/statistics/Figure_2/A/F2_A_statistics.csv,partial_statistics,csv,3f4672267418f09189020c13a43f8d936c579c8445ff754192eac1a31c8d01b9,1242,build_revision_f2_a,,internal_pending_release
partial_f2_a_f2_a_svg,build/panels/Figure_2/A/F2_A.svg,partial_panel_output,svg,287427d4467af437e3903d4544eb9587832507bfa1da083ceed9fef934d08650,98836,build_revision_f2_a,,internal_pending_release
partial_f2_a_per_curve_csv,data/processed/figure_02/F2_A/per_curve.csv,partial_processed_input,csv,98c8f3ad89ec1bcedf09fcc3aff8dceb9fdfda9c5fd23cf21a920b523f5964ce,269752,,,internal_pending_release
partial_f2_b_f2_b_pdf,build/panels/Figure_2/B/F2_B.pdf,partial_panel_output,pdf,4cc3ed209685084b98425b2852f8ad8af7da486f7d7e5701a6618b402978ac7e,31745,build_revision_f2_b,,internal_pending_release
partial_f2_b_f2_b_png,build/panels/Figure_2/B/F2_B.png,partial_panel_output,png,0e535ffee22686278a4eff7e2a3b69afc07bc4615688ad07b6617605563eeb08,80727,build_revision_f2_b,,internal_pending_release
partial_f2_b_f2_b_source_data_csv,build/source_data/Figure_2/B/F2_B_source_data.csv,partial_source_data,csv,5488ee5e3f9d59fd312eb75def90196438aee2abab774b2144b520626845201b,15258,build_revision_f2_b,,internal_pending_release
partial_f2_b_f2_b_statistics_csv,build/statistics/Figure_2/B/F2_B_statistics.csv,partial_statistics,csv,a2291368e9ff4547eb91be7a26d62103dcf4ea09015256eedb6e0402257ddda2,867,build_revision_f2_b,,internal_pending_release
partial_f2_b_f2_b_svg,build/panels/Figure_2/B/F2_B.svg,partial_panel_output,svg,4ad95a19e1b4391f9454033467cc1cc4d684ac5f1d1cbadb2bcba2a890a0112c,39403,build_revision_f2_b,,internal_pending_release
partial_f2_b_per_curve_csv,data/processed/figure_02/F2_B/per_curve.csv,partial_processed_input,csv,c6620c5cf570f81ee029596435254aab2ee2e7e37b404b88120ba05cb2c2972d,44980,,,internal_pending_release
partial_f2_c_cell_points_parquet,data/processed/figure_02/F2_C/cell_points.parquet,partial_processed_input,parquet,de548eb9d574cd869ed1defc1d36d4b047f4258f819a1622d2a8f7a03c0a9ab2,1517569,,,internal_pending_release
partial_f2_c_f2_c_csv_gz,data/source_data/figure_02/F2_C.csv.gz,partial_source_data,csv.gz,0d24ae00e42e736569fac04d80f88d5fcd3b7583b35e0e798e0b78b1b19358e3,1267448,build_revision_f2_c,,internal_pending_release
partial_f2_c_f2_c_pdf,build/panels/Figure_2/C/F2_C.pdf,partial_panel_output,pdf,edf0615805722a1e8b22e8b1c6cd0dc7b68669a14dd1257a3d8ce3373cf241ee,31121,build_revision_f2_c,,internal_pending_release
partial_f2_c_f2_c_png,build/panels/Figure_2/C/F2_C.png,partial_panel_output,png,5a59cc0d6bf7ce0607c753c534a77a35630488911447b967e920d3318ec58d36,82022,build_revision_f2_c,,internal_pending_release
partial_f2_c_f2_c_source_data_csv_gz,build/source_data/Figure_2/C/F2_C_source_data.csv.gz,partial_source_data,csv.gz,26baf55cfd8e6617e904db41f7ee157419c2f4e2eef5e272274cabfcbeec213b,2682529,build_revision_f2_c,,internal_pending_release
partial_f2_c_f2_c_statistics_csv,build/statistics/Figure_2/C/F2_C_statistics.csv,partial_statistics,csv,b0266e1dd265424ee831c1b3f2db99d0ced8c4a9290122ededea8f7943ecd889,773,build_revision_f2_c,,internal_pending_release
partial_f2_c_f2_c_svg,build/panels/Figure_2/C/F2_C.svg,partial_panel_output,svg,16795aa29546839313216467867ac864fd6967219bc7fa38b74fab95479a0f6c,37132,build_revision_f2_c,,internal_pending_release
partial_f2_c_replicate_means_csv,data/processed/figure_02/F2_C/replicate_means.csv,partial_processed_input,csv,6bc9e0ac1f11ec93b4717442b8f1bf27435ec11991f184c233a6e24460e53ccc,287,,,internal_pending_release
partial_f2_c_summary_csv,build/panels/Figure_2/C/summary.csv,partial_source_data,csv,24f4523f413832071951117f10fd9c8e6b680eed48cb66e3036eaf11efc2b8b1,195,build_revision_f2_c,,internal_pending_release
partial_f3_b_f3_b_pdf,build/panels/Figure_3/B/F3_B.pdf,partial_panel_output,pdf,fa526a71ee46ad47cfb774a1d1ce8749de3a153cee91cb1d6e2ce7a3e2401e87,32269,build_revision_f3_b,,internal_pending_release
partial_f3_b_f3_b_png,build/panels/Figure_3/B/F3_B.png,partial_panel_output,png,84c6e650fb6f3c17ef13153d18ce454e85896463470ada8df1492cd7bf6cbfbf,70168,build_revision_f3_b,,internal_pending_release
partial_f3_b_f3_b_source_data_csv,build/source_data/Figure_3/B/F3_B_source_data.csv,partial_source_data,csv,aba1a859dd5abe16b49726b7d13291de675e4cbfad29b681b9f755606e5312b1,18344,build_revision_f3_b,,internal_pending_release
partial_f3_b_f3_b_statistics_csv,build/statistics/Figure_3/B/F3_B_statistics.csv,partial_statistics,csv,b06817519a34a67db01d0a172b57bde9ec8ece0648bca4f5062c1026193250b0,1046,build_revision_f3_b,,internal_pending_release
partial_f3_b_f3_b_svg,build/panels/Figure_3/B/F3_B.svg,partial_panel_output,svg,0849707cc12693fef8e4f64817ddd2f26dc678ce8ef6a6d224afa1964f76f0fd,40772,build_revision_f3_b,,internal_pending_release
partial_f3_b_per_curve_csv,data/processed/figure_02/F2_E/per_curve.csv,partial_processed_input,csv,0a3e030bcaa41a2b0c083e377ab70dcf9206935c9b60fd6115f3724bb2c05e62,58901,,,internal_pending_release
partial_f3_c_cell_points_parquet,data/processed/figure_02/F2_F/cell_points.parquet,partial_processed_input,parquet,8de33e97405588478f355a4acdff02b6dce2cc770530a81c4f11b985c4196ea4,1341860,,,internal_pending_release
partial_f3_c_f2_f_csv_gz,data/source_data/figure_02/F2_F.csv.gz,partial_source_data,csv.gz,ab8265d695c8d2880ea54fc8fe8c3771dfdbf303b4f992ab19388238094e39d3,1140690,build_revision_f3_c,,internal_pending_release
partial_f3_c_f3_c_pdf,build/panels/Figure_3/C/F3_C.pdf,partial_panel_output,pdf,aaf0d13f3851134a409bfab5a47380da9ea05eb1434c57548380854f1577201d,35838,build_revision_f3_c,,internal_pending_release
partial_f3_c_f3_c_png,build/panels/Figure_3/C/F3_C.png,partial_panel_output,png,075f00f8d0fa9f897abef7c0098597a5371fb65e362c6474714c25e9ea87881d,83392,build_revision_f3_c,,internal_pending_release
partial_f3_c_f3_c_source_data_csv_gz,build/source_data/Figure_3/C/F3_C_source_data.csv.gz,partial_source_data,csv.gz,a2245640d4631aa5eeb9e2c13f505a9bab1282bf0d38f9f9bf1efa429e346cb9,2365278,build_revision_f3_c,,internal_pending_release
partial_f3_c_f3_c_statistics_csv,build/statistics/Figure_3/C/F3_C_statistics.csv,partial_statistics,csv,8e97277fe141ade1ebab941fbc4f86fde6b4c3d321b6ca5c112031f8815b676d,1193,build_revision_f3_c,,internal_pending_release
partial_f3_c_f3_c_svg,build/panels/Figure_3/C/F3_C.svg,partial_panel_output,svg,ce8f0da34c752bd4adb6cb24938c31afc32d538bf9443a07f041b562539447d6,47648,build_revision_f3_c,,internal_pending_release
partial_f3_c_replicate_means_csv,data/processed/figure_02/F2_F/replicate_means.csv,partial_processed_input,csv,375f0f651ee82667b8fa14e6e7a8282a46560441366a23ed2cce5cdb0cebaa1e,404,,,internal_pending_release
partial_f3_c_summary_csv,build/panels/Figure_3/C/summary.csv,partial_source_data,csv,5f4ebc36db39570849ad63ff03f81ef4497bf5ba6bf4e1844f0b5e09aa84695a,266,build_revision_f3_c,,internal_pending_release
partial_f3_d_f3_d_pdf,build/panels/Figure_3/D/F3_D.pdf,partial_panel_output,pdf,ff5ae5e920aa541ee9b2d7a1bfcebab45b0064cb89823a4c65e97d55a9a96326,22508,build_revision_f3_d,,internal_pending_release
partial_f3_d_f3_d_png,build/panels/Figure_3/D/F3_D.png,partial_panel_output,png,5dec5cd709568152df09bb555602f8d11b6f67e08f3af54a890289f56954b0f1,60641,build_revision_f3_d,,internal_pending_release
partial_f3_d_f3_d_source_data_csv,build/source_data/Figure_3/D/F3_D_source_data.csv,partial_source_data,csv,e504211c1f998f5eabd47882d4343ddd5b95ba8d3a4ecaf5641417993efb5c30,404,build_revision_f3_d,,internal_pending_release
partial_f3_d_f3_d_statistics_csv,build/statistics/Figure_3/D/F3_D_statistics.csv,partial_statistics,csv,48c1c89717e23327053a4e33279ecc385e8c52758caf88cc576cc304bba9e705,311,build_revision_f3_d,,internal_pending_release
partial_f3_d_f3_d_svg,build/panels/Figure_3/D/F3_D.svg,partial_panel_output,svg,bcd83a9ae5ef709858b0c37e8f0aeac5d98d49db7577650ee878e916aa661d9a,14994,build_revision_f3_d,,internal_pending_release
partial_f3_d_steady_state_flag_0_00_atp_csv,data/external/cell_economy_results/rotation/steady_state_flag_0.00_ATP.csv,partial_raw_input,csv,97aae0d0941c2228ca4daba8cd7853a746f5282dcf6483a5bef33e8ac320b2f2,6707,,,internal_pending_release
partial_f3_d_steady_state_flag_0_00_no_atp_csv,data/external/cell_economy_results/rotation/steady_state_flag_0.00_no_ATP.csv,partial_raw_input,csv,ebc04806c9d0b5821fcf80b82163fe573927753392cde8716be01a0920388ba3,6604,,,internal_pending_release
partial_f3_d_steady_state_flag_0_01_atp_csv,data/external/cell_economy_results/rotation/steady_state_flag_0.01_ATP.csv,partial_raw_input,csv,90d3a630a37ca8ade4fdf9ace46aa5cabc6a5f11bd592e031976ac052d8e3a05,6817,,,internal_pending_release
partial_f3_d_steady_state_flag_0_01_no_atp_csv,data/external/cell_economy_results/rotation/steady_state_flag_0.01_no_ATP.csv,partial_raw_input,csv,29703d5a93abb4e493824976f32bd02901030d8be5da46341f717a858be841c5,6674,,,internal_pending_release
partial_f3_d_steady_state_flag_0_02_atp_csv,data/external/cell_economy_results/rotation/steady_state_flag_0.02_ATP.csv,partial_raw_input,csv,bd126d22fc0a5d1dc361f78950330ba34b6bcc6bcf78cb94643a6b6174b1b499,6834,,,internal_pending_release
partial_f3_d_steady_state_flag_0_02_no_atp_csv,data/external/cell_economy_results/rotation/steady_state_flag_0.02_no_ATP.csv,partial_raw_input,csv,83af4f2db81dce18ea18bd6adbfd2e3abbe9af68b27874714f569abb19b67100,6657,,,internal_pending_release
partial_f3_d_steady_state_flag_0_03_atp_csv,data/external/cell_economy_results/rotation/steady_state_flag_0.03_ATP.csv,partial_raw_input,csv,6da90314af1e6c619fc8335f568fe23c704900662b45b8c99e8a3f3892e93860,6807,,,internal_pending_release
partial_f3_d_steady_state_flag_0_03_no_atp_csv,data/external/cell_economy_results/rotation/steady_state_flag_0.03_no_ATP.csv,partial_raw_input,csv,e36b3e280a89a7c140c9ee03b9657adf1f1479821c75cde59c02ac6572c8272b,6710,,,internal_pending_release
partial_f3_d_steady_state_flag_0_04_atp_csv,data/external/cell_economy_results/rotation/steady_state_flag_0.04_ATP.csv,partial_raw_input,csv,3bd557e702c9c400293ed693b15e1fd2edcb2dfe7a7572ffa033a3d3f4f706c9,6854,,,internal_pending_release
partial_f3_d_steady_state_flag_0_04_no_atp_csv,data/external/cell_economy_results/rotation/steady_state_flag_0.04_no_ATP.csv,partial_raw_input,csv,910ecc8df4f3cf809a3f0b4ef6b35898d137c4d77a150947fe14f0853266bbae,6747,,,internal_pending_release
partial_f3_d_steady_state_flag_0_05_atp_csv,data/external/cell_economy_results/rotation/steady_state_flag_0.05_ATP.csv,partial_raw_input,csv,08ca216bd3bf33a2b74398f9febe5e8ef4a9d8ddfa6f643c359fb94285bf5c35,6851,,,internal_pending_release
partial_f3_d_steady_state_flag_0_05_no_atp_csv,data/external/cell_economy_results/rotation/steady_state_flag_0.05_no_ATP.csv,partial_raw_input,csv,ae5d10f2f1c23167601822cfe1e27055288731e5ea2d92e8f0b1d22123cc0d80,6732,,,internal_pending_release
partial_f3_e_f3_e_pdf,build/panels/Figure_3/E/F3_E.pdf,partial_panel_output,pdf,9404263243dd1525efb323d73dd01d1ab0f52be76f419b862ecd61a419d3b37d,24014,build_revision_f3_e,,internal_pending_release
partial_f3_e_f3_e_png,build/panels/Figure_3/E/F3_E.png,partial_panel_output,png,3ebf140c03551906c0c55623a5c8d6ac1726d7a5d339890c32b83cbd9e8e434b,52757,build_revision_f3_e,,internal_pending_release
partial_f3_e_f3_e_source_data_csv,build/source_data/Figure_3/E/F3_E_source_data.csv,partial_source_data,csv,8069436f6c3b9da59c86beaeae9147827f771f89b50d309d6c027e4f444943a7,1165,build_revision_f3_e,,internal_pending_release
partial_f3_e_f3_e_statistics_csv,build/statistics/Figure_3/E/F3_E_statistics.csv,partial_statistics,csv,84c6bfb301ff0fe637944285886bc64addd9e9514958bb6d8ab5a2aec1516679,472,build_revision_f3_e,,internal_pending_release
partial_f3_e_f3_e_svg,build/panels/Figure_3/E/F3_E.svg,partial_panel_output,svg,a5a96b7036c9a6579190cc56dc865d3ad4616657922d3fcacc2069265f20a696,14361,build_revision_f3_e,,internal_pending_release
partial_f4_a_figure_4_a_svg,build/panels/Figure_4/A/Figure_4_A.svg,partial_panel_output,svg,996e3be8ca7df8bb87c03857fb38e7815f7f8f0ce641fccd47b93673186319f4,101678,build_revision_f4_a,,internal_pending_release
partial_f4_a_salmonella_model_svg,assets/schematics/salmonella_model.svg,partial_image_asset,svg,996e3be8ca7df8bb87c03857fb38e7815f7f8f0ce641fccd47b93673186319f4,101678,,,internal_pending_release
partial_f4_a_schematic_asset_csv,build/source_data/Figure_4/A/schematic_asset.csv,partial_source_data,csv,93398179953ad7261ae38b9775fbddb2d926562ad148e88dd0d160d08763185a,280,build_revision_f4_a,,internal_pending_release
partial_f4_b_a1_sector_regressions_csv,build/statistics/Figure_4/B/A1_sector_regressions.csv,partial_source_data,csv,072c451d0b076a0e7b7a2893f788596bde841972b4b7cb0693e917f86a8a795e,1640,build_revision_f4_b,,internal_pending_release
partial_f4_b_delta_overlay_csv,build/source_data/Figure_4/B/delta_overlay.csv,partial_source_data,csv,99b014b516cfea098f0c106e3635cc4631707ec9cfcbd2991f10c574f90c7d19,15821,build_revision_f4_b,,internal_pending_release
partial_f4_b_figure_4_b_pdf,build/panels/Figure_4/B/Figure_4_B.pdf,partial_panel_output,pdf,1e20bac01ddad1f8d163cb7e266659462617e3280df27a2573b00240ef1d58d3,41362,build_revision_f4_b,,internal_pending_release
partial_f4_b_figure_4_b_png,build/panels/Figure_4/B/Figure_4_B.png,partial_panel_output,png,cf496668911e8ebbba7574e86e18f54f63e7660ab905b459f13d8f3d75232544,116896,build_revision_f4_b,,internal_pending_release
partial_f4_b_figure_4_b_svg,build/panels/Figure_4/B/Figure_4_B.svg,partial_panel_output,svg,8c2cdd90d29630402d5baa213d36a121c1f6757c7a510ac6e58fd2adf35d71e3,93753,build_revision_f4_b,,internal_pending_release
partial_f4_b_protein_massfrac_annotated_csv,data/external/promoter_series_proteomics/protein_massfrac_annotated.csv,partial_raw_input,csv,89bc1046b89852c2ac3fa70d6c675edb2b4d255d87651dbab6b760d1d2878008,27892466,,,internal_pending_release
partial_f4_b_sector_mass_fractions_tsv,data/external/promoter_series_proteomics/sector_mass_fractions.tsv,partial_raw_input,tsv,333a94fffe36510855dc75b6f6710585ec267f5bef51e9d6f215d76627e9d7a7,22004,,,internal_pending_release
partial_f4_b_steady_state_flag_0_00_csv,data/external/cell_economy_results/c_limitation/steady_state_flag_0.00.csv,partial_raw_input,csv,3d2752758300b7bf21d872f565f6e386e56bb77b481086121a4edefc618e88a0,6663,,,internal_pending_release
partial_f4_b_steady_state_flag_0_01_csv,data/external/cell_economy_results/c_limitation/steady_state_flag_0.01.csv,partial_raw_input,csv,8d8e11c3e18d3476bde0cae5f5bcbf9174fcf0d86ec42996cc16843c2993ff93,6799,,,internal_pending_release
partial_f4_b_steady_state_flag_0_02_csv,data/external/cell_economy_results/c_limitation/steady_state_flag_0.02.csv,partial_raw_input,csv,8b0f893a45f7096fa0c5f13ef2dc6f243466d7e5681c082d01e93c2278b72a21,6833,,,internal_pending_release
partial_f4_b_steady_state_flag_0_03_csv,data/external/cell_economy_results/c_limitation/steady_state_flag_0.03.csv,partial_raw_input,csv,69dd0697404a7c166c0f57f23693cb1cf4cd7134407673468a35e53f20821082,6806,,,internal_pending_release
partial_f4_b_steady_state_flag_0_04_csv,data/external/cell_economy_results/c_limitation/steady_state_flag_0.04.csv,partial_raw_input,csv,71fb513b80e8ad4bc1cf694ce495ab32fec52ff746ed6994ffe5c589fa5b6687,6819,,,internal_pending_release
partial_f4_b_steady_state_flag_0_05_csv,data/external/cell_economy_results/c_limitation/steady_state_flag_0.05.csv,partial_raw_input,csv,fbca4fc047581191f94d1bfb1313030e2c15d308ad7f7c4cfeb6a2795b6b03c3,6829,,,internal_pending_release
partial_f4_c_figure_4_c_pdf,build/panels/Figure_4/C/Figure_4_C.pdf,partial_panel_output,pdf,52e467c29cf4cb0e74c21e69b111656222b5c2148d204a08f314dac4b93545a1,36143,build_revision_f4_c,,internal_pending_release
partial_f4_c_figure_4_c_png,build/panels/Figure_4/C/Figure_4_C.png,partial_panel_output,png,a8ff06b7cb62e197ce4095da7b0f64e27a31af237e4a69f8dc92188fedd90037,86898,build_revision_f4_c,,internal_pending_release
partial_f4_c_figure_4_c_svg,build/panels/Figure_4/C/Figure_4_C.svg,partial_panel_output,svg,af355f859f4e8ba57f08d2db29730c0c0602c237df52f7ebae980b97746a2fec,174212,build_revision_f4_c,,internal_pending_release
partial_f4_c_label_audit_csv,build/source_data/Figure_4/C/label_audit.csv,partial_source_data,csv,762422933845190d565b6fa478ca01be02040a7d7f565f23234b1a58e61c9606,12648,build_revision_f4_c,,internal_pending_release
partial_f4_c_top10_proteins_csv,build/source_data/Figure_4/C/top10_proteins.csv,partial_source_data,csv,90a67cc6792393a7569d0325e108995799d9b31e7e42f9560f99b9ce73cb24b0,32275,build_revision_f4_c,,internal_pending_release
partial_f4_d_figure_4_d_pdf,build/panels/Figure_4/D/Figure_4_D.pdf,partial_panel_output,pdf,77e12415d97ebf2c2582f3323e98dc74e3cd02a97bddf340ca9761060bace495,21994,build_revision_f4_d,,internal_pending_release
partial_f4_d_figure_4_d_png,build/panels/Figure_4/D/Figure_4_D.png,partial_panel_output,png,b50eb4ac3916c9002cde19ff344163815ff363ff83f5fdc5e1b60f842318306f,33110,build_revision_f4_d,,internal_pending_release
partial_f4_d_figure_4_d_svg,build/panels/Figure_4/D/Figure_4_D.svg,partial_panel_output,svg,bf1c76182caacf33fdf7236df0dc3ce9a798b2781b285fe5ea303280d0aadabf,23168,build_revision_f4_d,,internal_pending_release
partial_f4_d_measured_sector_composition_csv,build/source_data/Figure_4/D/measured_sector_composition.csv,partial_source_data,csv,3a3c7669d6255c71c239ad8402d98571b74f4042d3626102d93ecfd4a33e1086,1672,build_revision_f4_d,,internal_pending_release
partial_f4_e_figure_4_e_pdf,build/panels/Figure_4/E/Figure_4_E.pdf,partial_panel_output,pdf,d2f744a189946026576d216a1242f5176542af3577797c2997396e46e4d33a3c,21532,build_revision_f4_e,,internal_pending_release
partial_f4_e_figure_4_e_png,build/panels/Figure_4/E/Figure_4_E.png,partial_panel_output,png,ae3d0b9ff7f4a7833785196a13dd5bd4d60d511376fa195063edb4fb26390d8d,35709,build_revision_f4_e,,internal_pending_release
partial_f4_e_figure_4_e_svg,build/panels/Figure_4/E/Figure_4_E.svg,partial_panel_output,svg,a03ca6a0ba00c11a546dd9ace255edc7bf31f3046c055dfad49fe5463cfd65cf,23467,build_revision_f4_e,,internal_pending_release
partial_f4_e_model_sector_allocation_csv,build/source_data/Figure_4/E/model_sector_allocation.csv,partial_source_data,csv,ad9d5acabd2af80ea6fcb9f2dfaea9d63e9f994b75e0991e504c9e7f01fdcd0d,1841,build_revision_f4_e,,internal_pending_release
partial_f4_f_figure_4_f_pdf,build/panels/Figure_4/F/Figure_4_F.pdf,partial_panel_output,pdf,9f756e6a45615a7f64932cf635d668e965a6e5c8cfb4d7f2c17d4d1289d45a62,28480,build_revision_f4_f,,internal_pending_release
partial_f4_f_figure_4_f_png,build/panels/Figure_4/F/Figure_4_F.png,partial_panel_output,png,7e1689f9516b2f659fab591fa915b4755c6c9ee2e61e9f9b07aa2dea6be3dc99,69791,build_revision_f4_f,,internal_pending_release
partial_f4_f_figure_4_f_svg,build/panels/Figure_4/F/Figure_4_F.svg,partial_panel_output,svg,eb084d556c5050af015d412d1dd7ef22ab56c3b01cb0fea23194b7be44b0e76a,33432,build_revision_f4_f,,internal_pending_release
partial_f4_f_growth_allocation_csv,build/source_data/Figure_4/F/growth_allocation.csv,partial_source_data,csv,f33c666cb39682fafdc74eb4b5f0f750d2436aecf4cfd345ef4b8fafb935dfd7,4743,build_revision_f4_f,,internal_pending_release
partial_f4_f_population_growth_mutants_csv,data/external/promoter_series_proteomics/population_growth_mutants.csv,partial_raw_input,csv,3fe37009a0129028a627aa497c1c517fe04a431177ee38dd49c806e0221c07dd,38661,,,internal_pending_release
partial_f5_a_distance_endpoints_csv,build/source_data/Figure_5/A/distance_endpoints.csv,partial_source_data,csv,dc8f640142fbd537dfe978a80c45de194b7c2bec501bbf2c266a04861eed2795,506,build_revision_f5_a,,internal_pending_release
partial_f5_a_dynamic_flag_0_005_csv,data/external/cell_economy_results/swimming/8500/dynamic_flag_0.005.csv,partial_raw_input,csv,7b6eeb0650bda6a58a9590d51757fe52ab107993439d6c106df459126333b1fa,11914,,,internal_pending_release
partial_f5_a_dynamic_flag_0_010_csv,data/external/cell_economy_results/swimming/8500/dynamic_flag_0.010.csv,partial_raw_input,csv,f93ea16ea209599e4ec3b195d4ffeaf1d0614d35842d0946d869da34382ff15c,11918,,,internal_pending_release
partial_f5_a_dynamic_flag_0_020_csv,data/external/cell_economy_results/swimming/8500/dynamic_flag_0.020.csv,partial_raw_input,csv,c7223dd00dbea9aabeedd6a663759742eab6ff83c768472a4f091f5a9ebf48e2,12095,,,internal_pending_release
partial_f5_a_dynamic_flag_0_030_csv,data/external/cell_economy_results/swimming/8500/dynamic_flag_0.030.csv,partial_raw_input,csv,9e1cabd7105a77fe7b0b2c1f70a879db251ac9333f1dfd8bd07662fbf306ee11,11947,,,internal_pending_release
partial_f5_a_dynamic_flag_0_040_csv,data/external/cell_economy_results/swimming/8500/dynamic_flag_0.040.csv,partial_raw_input,csv,ca18a673ad0b18be9733067856aa99a9d6cf5c007628f4da0b55721a6d1da817,12053,,,internal_pending_release
partial_f5_a_dynamic_flag_0_050_csv,data/external/cell_economy_results/swimming/8500/dynamic_flag_0.050.csv,partial_raw_input,csv,36e888f3a3adb0b4bdf0148ac9ab737a00a63c819e6a17f628cf41d383abfb1d,11992,,,internal_pending_release
partial_f5_a_figure_5_a_pdf,build/panels/Figure_5/A/Figure_5_A.pdf,partial_panel_output,pdf,dc71c15424f44cf191ea249c4c28fa325b471613397a9e76564fe9ed78d325fb,26036,build_revision_f5_a,,internal_pending_release
partial_f5_a_figure_5_a_png,build/panels/Figure_5/A/Figure_5_A.png,partial_panel_output,png,966669fc14274534bea4dc72e23c3ea4a77a909a8dd8f744ea227c9281211503,57596,build_revision_f5_a,,internal_pending_release
partial_f5_a_figure_5_a_svg,build/panels/Figure_5/A/Figure_5_A.svg,partial_panel_output,svg,84bb966446763a7ffbab9c3d75bea6d5f0838b6b38777ef05ec81108b95de04e,23611,build_revision_f5_a,,internal_pending_release
partial_f5_a_glucose_gradient_csv,build/source_data/Figure_5/A/glucose_gradient.csv,partial_source_data,csv,23a0a2e3d093adb574d4b6e302ecb60ee0fb49a1ad5c57b84e38fa3439bbd1b8,2471,build_revision_f5_a,,internal_pending_release
partial_f5_a_substrate_gradient_csv,data/external/cell_economy_results/swimming/8500/substrate_gradient.csv,partial_raw_input,csv,5ed6c1d11a17128bbf5a1c0b95846a2eeea855f0eeb56b751834db8155d5a15f,2765,,,internal_pending_release
partial_f5_b_a3_low_allocation_continuation_status_csv,data/processed/figure_05_revision/A3_low_allocation_continuation_status.csv,partial_processed_input,csv,21f590706fdab21fe612f854f5351d310c1d1d04f95244ca75029ed261fea724,4214,,,internal_pending_release
partial_f5_b_dynamic_flag_0_0000_csv,data/processed/figure_05_revision/A3_trajectories/dynamic_flag_0.0000.csv,partial_processed_input,csv,3552b092ccc63db41b727803a0bca7c64a921df5a5242bf421f52cec145b9e46,12090,,,internal_pending_release
partial_f5_b_figure_5_b_pdf,build/panels/Figure_5/B/Figure_5_B.pdf,partial_panel_output,pdf,edeef8fb4260325b56d0589d17965296f99c17ae28bcab9371a54e921ebecb69,19590,build_revision_f5_b,,internal_pending_release
partial_f5_b_figure_5_b_png,build/panels/Figure_5/B/Figure_5_B.png,partial_panel_output,png,f5ea5467b6561b0d7d581d52b550b5cd2d2319d49e05e63eea8961bb71ad12d7,71664,build_revision_f5_b,,internal_pending_release
partial_f5_b_figure_5_b_svg,build/panels/Figure_5/B/Figure_5_B.svg,partial_panel_output,svg,bfd8e012256e3b86a6a200b3d0c127062a4540af78280aa6b2bd26fa139b959b,15746,build_revision_f5_b,,internal_pending_release
partial_f5_b_growth_trajectories_csv,build/source_data/Figure_5/B/growth_trajectories.csv,partial_source_data,csv,10eeb85a0c903af3ed1d2971f70604a31703c4fc96d9206c3dcdfde0caa5f394,2891,build_revision_f5_b,,internal_pending_release
partial_f5_b_non_motile_gain_csv,build/source_data/Figure_5/B/non_motile_gain.csv,partial_source_data,csv,183ce31a85e19b888764d481a11696c72c6478e3735f31103c902335e2123eae,842,build_revision_f5_b,,internal_pending_release
partial_f5_c_figure_5_c_pdf,build/panels/Figure_5/C/Figure_5_C.pdf,partial_panel_output,pdf,844a5fe37c24649e14c6c9a24d4c458964073f2c993b058c51d3d3316cc680d2,31055,build_revision_f5_c,,internal_pending_release
partial_f5_c_figure_5_c_png,build/panels/Figure_5/C/Figure_5_C.png,partial_panel_output,png,5b16ce468d238fd53f48631fbc8c234147c59ee4b7d403c2627f084d353f4972,43658,build_revision_f5_c,,internal_pending_release
partial_f5_c_figure_5_c_svg,build/panels/Figure_5/C/Figure_5_C.svg,partial_panel_output,svg,91051f8b72ddb78ad9f762025de04441768b078cdea961c7ea32514a0d2bfb13,50981,build_revision_f5_c,,internal_pending_release
partial_f5_c_relative_biomass_csv,build/source_data/Figure_5/C/relative_biomass.csv,partial_source_data,csv,70a1643f2c7c10301dca7a8cc61a9e78952755bea72eedcb168474405cbd6574,273,build_revision_f5_c,,internal_pending_release
partial_f5_d_figure_5_d_pdf,build/panels/Figure_5/D/Figure_5_D.pdf,partial_panel_output,pdf,540f3e4b09ea99941d8650aa9dc8d3e0c192a915cb39ef559947bc202f3dab19,28952,build_revision_f5_d,,internal_pending_release
partial_f5_d_figure_5_d_png,build/panels/Figure_5/D/Figure_5_D.png,partial_panel_output,png,93b91fdff3ff65eb194b365052cc2a5349e1215fe33f8db769b87d8e766f0bc8,102625,build_revision_f5_d,,internal_pending_release
partial_f5_d_figure_5_d_svg,build/panels/Figure_5/D/Figure_5_D.svg,partial_panel_output,svg,0ee02fd60415c0f04341f1223422815b37f646b3f386c05ad126ee1d7d71fdef,60413,build_revision_f5_d,,internal_pending_release
partial_f5_d_liquid_seed_predictions_csv,build/source_data/Figure_5/D/liquid_seed_predictions.csv,partial_source_data,csv,04b10aaea7c4b9211f648f54978422b8b26d451bf4ea73c7b3bc459663a5b7aa,44913,build_revision_f5_d,,internal_pending_release
partial_f5_d_liquid_simulation_interval_csv,build/statistics/Figure_5/D/liquid_simulation_interval.csv,partial_source_data,csv,e63d414195d48ccfc9b92f5ec7aa13631246e4436c9427df7f5014e1ab038c91,510,build_revision_f5_d,,internal_pending_release
partial_f5_d_liquid_summary_csv,build/source_data/Figure_5/D/liquid_summary.csv,partial_source_data,csv,e63d414195d48ccfc9b92f5ec7aa13631246e4436c9427df7f5014e1ab038c91,510,build_revision_f5_d,,internal_pending_release
partial_f5_d_motility_summary_parameters_adopted_csv,data/processed/motility_adopted_parameters/motility_summary_parameters_adopted.csv,partial_processed_input,csv,bb85e998da21f7ef8db3feb3cb45db0f2f72784995f68803ee4f42adac92950e,1033,,,internal_pending_release
partial_f5_e_agarose_seed_predictions_csv,build/source_data/Figure_5/E/agarose_seed_predictions.csv,partial_source_data,csv,77a1fb673f181f7db425f081301d03e2790aa80bfe15693d0fc0d31ab4374e68,53252,build_revision_f5_e,,internal_pending_release
partial_f5_e_agarose_simulation_interval_csv,build/statistics/Figure_5/E/agarose_simulation_interval.csv,partial_source_data,csv,28d3e0614cc5df588e656f704766fecd15639a5201580a6310386e7eb79de5ec,510,build_revision_f5_e,,internal_pending_release
partial_f5_e_agarose_summary_csv,build/source_data/Figure_5/E/agarose_summary.csv,partial_source_data,csv,28d3e0614cc5df588e656f704766fecd15639a5201580a6310386e7eb79de5ec,510,build_revision_f5_e,,internal_pending_release
partial_f5_e_figure_5_e_pdf,build/panels/Figure_5/E/Figure_5_E.pdf,partial_panel_output,pdf,3cd3d8c2881ae32631591102dc07e4a627d5e777c04d93b7b8539039a0c0651b,29090,build_revision_f5_e,,internal_pending_release
partial_f5_e_figure_5_e_png,build/panels/Figure_5/E/Figure_5_E.png,partial_panel_output,png,fdbf40657ffc71073fcc6ed29674dfa0ec669c7ff0144d04b94716922d168294,99103,build_revision_f5_e,,internal_pending_release
partial_f5_e_figure_5_e_svg,build/panels/Figure_5/E/Figure_5_E.svg,partial_panel_output,svg,2ca619327341ca261708e7bdf1c8f3ecdc3cd156d5093c023ce940d9532dea47,59488,build_revision_f5_e,,internal_pending_release
partial_f6_a_figure_06a_ptet_motility_measurements_csv,data/processed/figure_06_revision/figure_06A_ptet_motility_measurements.csv,partial_processed_input,csv,792d40886bd8c7b720db3a00f380a6f9f4e63d7eee0b605aa4d222f8e34bbc50,9227,,,internal_pending_release
partial_f6_a_figure_6a_day_level_points_csv,build/source_data/Figure_6/A/Figure_6A_day_level_points.csv,partial_source_data,csv,25e5b4403ef3547cd47f25e1bc9b1a93065f36d53f681bfbb31a0a6bf325686f,992,build_revision_f6_a,,internal_pending_release
partial_f6_a_figure_6a_pdf,build/panels/Figure_6/A/Figure_6A.pdf,partial_panel_output,pdf,c48e1302c2a89a085db73aef5f1a55a1a5ae336944d50c99e79bfcb2ba4a67e3,35781,build_revision_f6_a,,internal_pending_release
partial_f6_a_figure_6a_png,build/panels/Figure_6/A/Figure_6A.png,partial_panel_output,png,2aaf614941583a274c2b1bac2e12e3f3777d23f058c9ff1f3f8da21d4fa33269,55394,build_revision_f6_a,,internal_pending_release
partial_f6_a_figure_6a_summary_95ci_csv,build/statistics/Figure_6/A/Figure_6A_summary_95ci.csv,partial_source_data,csv,2d1c180d0fd73253e596debdbcf348fa976af63addaf89f90a4e85bd9fee6ba5,645,build_revision_f6_a,,internal_pending_release
partial_f6_a_figure_6a_svg,build/panels/Figure_6/A/Figure_6A.svg,partial_panel_output,svg,3a29cb2ff857a337b8f8a40d95bb958476bcf7bda2c5fbc0ce3cd602d551d1b6,52061,build_revision_f6_a,,internal_pending_release
partial_f6_a_figure_6a_well_measurements_csv,build/source_data/Figure_6/A/Figure_6A_well_measurements.csv,partial_source_data,csv,5a1d1a4dafd881bd5522a3d979e66c4dd2a9d1bfc96887b8004bc667b06e8cae,6234,build_revision_f6_a,,internal_pending_release
partial_f6_b_figure_06b_ppro_motility_measurements_csv,data/processed/figure_06_revision/figure_06B_ppro_motility_measurements.csv,partial_processed_input,csv,698161ef215086cc60fa61c18cb09122f0606c725a15d201027a11d291f07cf8,1872,,,internal_pending_release
partial_f6_b_figure_6b_paired_statistics_csv,build/statistics/Figure_6/B/Figure_6B_paired_statistics.csv,partial_statistics,csv,82638ef2c8b5cdb0f03199235f880c9e2bed9b7bd3dc24134080a848bb155854,514,build_revision_f6_b,,internal_pending_release
partial_f6_b_figure_6b_pdf,build/panels/Figure_6/B/Figure_6B.pdf,partial_panel_output,pdf,3d3d1f77bf3293db18816eca6eb0d8607aac7d55bdba95bbc75b70df4cd49fc6,24847,build_revision_f6_b,,internal_pending_release
partial_f6_b_figure_6b_png,build/panels/Figure_6/B/Figure_6B.png,partial_panel_output,png,05a69e2fe2b9eed6537d6491ae8f1fe153e9821d2cd03e173a37d1fb65d6f1a4,45927,build_revision_f6_b,,internal_pending_release
partial_f6_b_figure_6b_replicate_points_csv,build/source_data/Figure_6/B/Figure_6B_replicate_points.csv,partial_source_data,csv,e7e7eafd506e50543590c1f2fbcfb9647dec9b2c0d8bc3746136042aaf695680,1875,build_revision_f6_b,,internal_pending_release
partial_f6_b_figure_6b_summary_95ci_csv,build/statistics/Figure_6/B/Figure_6B_summary_95ci.csv,partial_source_data,csv,86dc2c4fcecd635c1a13d34e52180bb49e2e89e06d3bd89564411948c79c3f40,449,build_revision_f6_b,,internal_pending_release
partial_f6_b_figure_6b_svg,build/panels/Figure_6/B/Figure_6B.svg,partial_panel_output,svg,6833d19b2586284597edf686be798cb2f936dd4c9d39a8641f28af162c7c3764,20189,build_revision_f6_b,,internal_pending_release
partial_f6_c_figure_06c_hook_histogram_counts_csv,data/processed/figure_06_revision/figure_06C_hook_histogram_counts.csv,partial_processed_input,csv,18ecf2cddd647bc161071d39691aa856dc349be209be915133d6ea6b16b3d7a2,1451,,,internal_pending_release
partial_f6_c_figure_6c_cell_points_csv,build/source_data/Figure_6/C/Figure_6C_cell_points.csv,partial_source_data,csv,13e7b34eef011f8bc0f58e75a275911f0550aadbf02a854f3ae7c97cb4419b4c,33649,build_revision_f6_c,,internal_pending_release
partial_f6_c_figure_6c_numeric_audit_csv,build/statistics/Figure_6/C/Figure_6C_numeric_audit.csv,partial_source_data,csv,6874a84b366e034b387fac3c1ad6ab08472f25c1df72c6d9d34e112bf805604d,169,build_revision_f6_c,,internal_pending_release
partial_f6_c_figure_6c_pdf,build/panels/Figure_6/C/Figure_6C.pdf,partial_panel_output,pdf,3d52e40bcecea277496ea4471e01743198966c9646dcb6d9142fb324a7c035ef,27148,build_revision_f6_c,,internal_pending_release
partial_f6_c_figure_6c_png,build/panels/Figure_6/C/Figure_6C.png,partial_panel_output,png,1c1c24c3ae8d63bc61acc201d05edeec63111a3493160f463f235a9432eb39ed,44602,build_revision_f6_c,,internal_pending_release
partial_f6_c_figure_6c_svg,build/panels/Figure_6/C/Figure_6C.svg,partial_panel_output,svg,f4bf224029c7beab104adf2dc56736011386f96ed521c97a911ed04628428cb7,31124,build_revision_f6_c,,internal_pending_release
partial_f6_d_competition_scheme_source_pptx,assets/schematics/competition_design/competition_scheme_source.pptx,partial_image_asset,pptx,fc70af99e68f06eba7a122121987f1024cdb34188bf6cb232ca79321409d56a9,450609,,,internal_pending_release
partial_f6_d_figure_6d_pdf,build/panels/Figure_6/D/Figure_6D.pdf,partial_panel_output,pdf,a4ed88c408bf2cd10acdf0ee8b56dbc00033d453115727aac5429d2f2389caed,24627,build_revision_f6_d,,internal_pending_release
partial_f6_d_figure_6d_png,build/panels/Figure_6/D/Figure_6D.png,partial_panel_output,png,aaab0a09b29e1b556fba1bc4eec252532630a2570bb6a3cc431ed7820203ea03,93033,build_revision_f6_d,,internal_pending_release
partial_f6_d_figure_6d_schematic_elements_csv,build/source_data/Figure_6/D/Figure_6D_schematic_elements.csv,partial_source_data,csv,78cab419f6b0dbffa68257a0a0dd202cc47e965a47dd064944a3983e5af06fe9,388,build_revision_f6_d,,internal_pending_release
partial_f6_d_figure_6d_svg,build/panels/Figure_6/D/Figure_6D.svg,partial_panel_output,svg,28885c0c2aade3b50d4c308ef928f5bd1cf4e70e5e6886150f2b2e0da55a4e5a,18206,build_revision_f6_d,,internal_pending_release
partial_f6_e_figure_06e_competition_per_cell_csv,data/processed/figure_06_revision/figure_06E_competition_per_cell.csv,partial_processed_input,csv,0d823a3905b8259a0cd2888c46b5219bdfd63c9ab967a84c84c51244206b7b31,1096086,,,internal_pending_release
partial_f6_e_figure_6e_assigned_cell_points_csv,build/source_data/Figure_6/E/Figure_6E_assigned_cell_points.csv,partial_source_data,csv,14ceedad8f043a2054565faaf713834ba8f4cbc2d22da559b0a49b89970015f2,504895,build_revision_f6_e,,internal_pending_release
partial_f6_e_figure_6e_numeric_audit_csv,build/statistics/Figure_6/E/Figure_6E_numeric_audit.csv,partial_source_data,csv,e9e1cb106bb7e34540b6e2a672ab3914c975f7efefcb62c3d0af575fa8f81f3c,425,build_revision_f6_e,,internal_pending_release
partial_f6_e_figure_6e_pdf,build/panels/Figure_6/E/Figure_6E.pdf,partial_panel_output,pdf,b0c917a3accb46fc0b306b5d73bda128f902d4a64b80db34f0514ef625488c35,34451,build_revision_f6_e,,internal_pending_release
partial_f6_e_figure_6e_png,build/panels/Figure_6/E/Figure_6E.png,partial_panel_output,png,73030b8b9ef445e72a2518eaf6523e11e75fc9ea72b10b67d77343bb05d22dbb,90195,build_revision_f6_e,,internal_pending_release
partial_f6_e_figure_6e_region_composition_csv,build/statistics/Figure_6/E/Figure_6E_region_composition.csv,partial_source_data,csv,209ada711f83a406b791c776001c5228bd52db6e93e12190cc7143fa00be7274,253,build_revision_f6_e,,internal_pending_release
partial_f6_e_figure_6e_roi_fraction_mean_sd_csv,build/source_data/Figure_6/E/Figure_6E_roi_fraction_mean_sd.csv,partial_source_data,csv,43ebeb048ba712d11595e8c1a066addc84da88f468ff0958a5d8266a86b9576e,11316,build_revision_f6_e,,internal_pending_release
partial_f6_e_figure_6e_roi_hook_fractions_csv,build/source_data/Figure_6/E/Figure_6E_roi_hook_fractions.csv,partial_source_data,csv,283a2e747033392186b9de3edd7b85be538631f5a7359762dfbf7eb45162c6fa,45756,build_revision_f6_e,,internal_pending_release
partial_f6_e_figure_6e_svg,build/panels/Figure_6/E/Figure_6E.svg,partial_panel_output,svg,e31a724409c45cb4e95d36229ccb96597d5e5f04b7c1bdc6133639e52f3b4bb8,83809,build_revision_f6_e,,internal_pending_release
partial_f7_a_direct_pair_track_measurements_csv_gz,data/processed/figure_07_revision/direct_pair_track_measurements.csv.gz,partial_processed_input,csv.gz,e6eb9f1aabff24207d9eceeee459bdf0c57d16b2c979c9b7bbccc19141d742ff,11599568,,,internal_pending_release
partial_f7_a_figure_7a_counts_csv,build/statistics/Figure_7/A/Figure_7A_counts.csv,partial_source_data,csv,585aae4776b9b85564e53ff1e6b8ddeff24031462d42a45f9cc449d185b10d05,100,build_revision_f7_a,,internal_pending_release
partial_f7_a_figure_7a_direct_pair_trajectories_csv_gz,build/source_data/Figure_7/A/Figure_7A_direct_pair_trajectories.csv.gz,partial_source_data,csv.gz,4dff1907a1a0660ba8a5a6affec4e6298d39f67955374c7baaebae49cd6d8240,448202,build_revision_f7_a,,internal_pending_release
partial_f7_a_figure_7a_paired_unit_summaries_csv,build/source_data/Figure_7/A/Figure_7A_paired_unit_summaries.csv,partial_source_data,csv,d0f1ca3496f4649a03a54553b3c68273f26723002ab99bf56d8b19cd967e6461,11035,build_revision_f7_a,,internal_pending_release
partial_f7_a_figure_7a_pdf,build/panels/Figure_7/A/Figure_7A.pdf,partial_panel_output,pdf,4e9c71ffce73698468be9247e8404fd9d768da5e5352e7798eb386f7c4acbaa4,43138,build_revision_f7_a,,internal_pending_release
partial_f7_a_figure_7a_png,build/panels/Figure_7/A/Figure_7A.png,partial_panel_output,png,789d778cb7c1afbee508e959e65160f2bbb8d524da3ab807e8742897023b5b93,130717,build_revision_f7_a,,internal_pending_release
partial_f7_a_figure_7a_svg,build/panels/Figure_7/A/Figure_7A.svg,partial_panel_output,svg,867832aa0c7dc8e60d6b21c9c69312e4256e0c786a0beb6ac0e9ce1747a9076c,86280,build_revision_f7_a,,internal_pending_release
partial_f7_a_paired_experimental_unit_measurements_csv,data/processed/figure_07_revision/paired_experimental_unit_measurements.csv,partial_processed_input,csv,e593124975f362714d5b7dc99bc21ea2b9f47b92c23e9ca337ac3a3f7478d59e,87105,,,internal_pending_release
partial_f7_b_figure_7b_counts_csv,build/statistics/Figure_7/B/Figure_7B_counts.csv,partial_source_data,csv,929493b3afe259a91edc65554d5ad400dff82e290cde69151b06bc73adb03cef,100,build_revision_f7_b,,internal_pending_release
partial_f7_b_figure_7b_direct_pair_trajectories_csv_gz,build/source_data/Figure_7/B/Figure_7B_direct_pair_trajectories.csv.gz,partial_source_data,csv.gz,deaaaa2be553d13ee2298cb731a93d3a68b928b831a8fbba7217c1188238c897,599038,build_revision_f7_b,,internal_pending_release
partial_f7_b_figure_7b_paired_unit_summaries_csv,build/source_data/Figure_7/B/Figure_7B_paired_unit_summaries.csv,partial_source_data,csv,69161258359f5e46e5f78a60b5f0a7104bd697e907949eb56be8a570ab5efd9e,11222,build_revision_f7_b,,internal_pending_release
partial_f7_b_figure_7b_pdf,build/panels/Figure_7/B/Figure_7B.pdf,partial_panel_output,pdf,25cb70d52e1cf90435fa849e8a115d5d59c08f0461643ce40e885793ccbf81f5,43946,build_revision_f7_b,,internal_pending_release
partial_f7_b_figure_7b_png,build/panels/Figure_7/B/Figure_7B.png,partial_panel_output,png,e6344907f6956547d251eed42f60476eb18519174440a64adf91a9b952e4de1b,121841,build_revision_f7_b,,internal_pending_release
partial_f7_b_figure_7b_svg,build/panels/Figure_7/B/Figure_7B.svg,partial_panel_output,svg,300fa0f50a3ee45a400682f9c3c8f9bef9832dcf9e7a8b7b8f68e0b4cc4de091,88159,build_revision_f7_b,,internal_pending_release
partial_f7_c_figure_7c_counts_csv,build/statistics/Figure_7/C/Figure_7C_counts.csv,partial_source_data,csv,5f830a9bb92477a9b8c80b3168b54be6f8a65115c336548f3284beec9949a45d,106,build_revision_f7_c,,internal_pending_release
partial_f7_c_figure_7c_direct_pair_trajectories_csv_gz,build/source_data/Figure_7/C/Figure_7C_direct_pair_trajectories.csv.gz,partial_source_data,csv.gz,ebb7538b8760d450e96aff002840a82e8e18380d5afd799403f61bd501affbfc,649133,build_revision_f7_c,,internal_pending_release
partial_f7_c_figure_7c_paired_unit_summaries_csv,build/source_data/Figure_7/C/Figure_7C_paired_unit_summaries.csv,partial_source_data,csv,44ad4db1cde1ab3495c81d49e8beae6b3f3fbf7386609185bb2b1a9b9ebbf93e,10660,build_revision_f7_c,,internal_pending_release
partial_f7_c_figure_7c_pdf,build/panels/Figure_7/C/Figure_7C.pdf,partial_panel_output,pdf,1d5faba66c076e6e1c0154e32b032913a0dffd3f327f39aabf509689319fd073,43490,build_revision_f7_c,,internal_pending_release
partial_f7_c_figure_7c_png,build/panels/Figure_7/C/Figure_7C.png,partial_panel_output,png,014c65dd1973163c05dd483dc6c01c849e74fb8cd1066d3912a7ab30b37181f8,141645,build_revision_f7_c,,internal_pending_release
partial_f7_c_figure_7c_svg,build/panels/Figure_7/C/Figure_7C.svg,partial_panel_output,svg,20417e8e57d783c86deb575fb0b985fe1f4e52212f34b70c27f0ce41e3976a8e,86346,build_revision_f7_c,,internal_pending_release
partial_f7_d_figure_7d_effective_diffusivity_decomposition_csv,build/statistics/Figure_7/D/Figure_7D_effective_diffusivity_decomposition.csv,partial_source_data,csv,cb41512b030c613f9c2c20d64e69336ed67d46bd106f46e2cd2101e609d2edd9,1772,build_revision_f7_d,,internal_pending_release
partial_f7_d_figure_7d_pdf,build/panels/Figure_7/D/Figure_7D.pdf,partial_panel_output,pdf,e90126c46ad214b3d50ee1470a0d8c451776aaae89d6b65504e95558fb5bcc9e,41102,build_revision_f7_d,,internal_pending_release
partial_f7_d_figure_7d_png,build/panels/Figure_7/D/Figure_7D.png,partial_panel_output,png,52727af9037f5600c17114c624ffa44f9e16d93aea01f9253ffd274dea43411a,110799,build_revision_f7_d,,internal_pending_release
partial_f7_d_figure_7d_svg,build/panels/Figure_7/D/Figure_7D.svg,partial_panel_output,svg,1eb9eda2cd42390e4e47b0029ed61374f7633095b5d83a6aaf02381139e4e4bf,42333,build_revision_f7_d,,internal_pending_release
partial_f7_d_figure_7d_unit_log_contrasts_csv,build/source_data/Figure_7/D/Figure_7D_unit_log_contrasts.csv,partial_source_data,csv,15b71ec4b08eb5f996c36dca639fb595e3c74bc0c21010c43573dd2512f4f4b0,15117,build_revision_f7_d,,internal_pending_release
partial_f7_e_figure_7e_cell_points_csv,build/source_data/Figure_7/E/Figure_7E_cell_points.csv,partial_source_data,csv,747ce3b0dd0254da32ef0cf08ffb2a0562ba3fe082ada6fd4fcc7ac95bb078c8,458729,build_revision_f7_e,,internal_pending_release
partial_f7_e_figure_7e_day_repeat_means_csv,build/source_data/Figure_7/E/Figure_7E_day_repeat_means.csv,partial_source_data,csv,da78c32f271da24cb3aa172f9ae319627085a99330e8ed301bdbacba56d5d29f,955,build_revision_f7_e,,internal_pending_release
partial_f7_e_figure_7e_numeric_audit_csv,build/statistics/Figure_7/E/Figure_7E_numeric_audit.csv,partial_source_data,csv,fc64078ebd036aab70e134df435d1792d9e39f9a051688e070fc56a3111f6cd1,257,build_revision_f7_e,,internal_pending_release
partial_f7_e_figure_7e_pdf,build/panels/Figure_7/E/Figure_7E.pdf,partial_panel_output,pdf,9400aaec726a30b85e0a3fc062b475a968c52154fd5d2fcdc7fe87803a0aced6,27183,build_revision_f7_e,,internal_pending_release
partial_f7_e_figure_7e_png,build/panels/Figure_7/E/Figure_7E.png,partial_panel_output,png,60095f563ec7c1274086c44f3b54a59f3f6b90ce290b2713ad63aee651214f55,48248,build_revision_f7_e,,internal_pending_release
partial_f7_e_figure_7e_svg,build/panels/Figure_7/E/Figure_7E.svg,partial_panel_output,svg,3360ec2e8b23184f78d69fd081a83cb9535fc1d0c0e43ead12ea639f7891e73b,24616,build_revision_f7_e,,internal_pending_release
partial_f7_e_hook_count_per_cell_csv,data/processed/figure_07_revision/hook_count_per_cell.csv,partial_processed_input,csv,dcc9d66eda5612d1b46e831a59884f9ba0a61ba77b1f734b9b907a0608bd2603,12104232,,,internal_pending_release
partial_f7_e_hook_count_repeat_means_csv,data/processed/figure_07_revision/hook_count_repeat_means.csv,partial_processed_input,csv,eb5667dfa7ba725850ef169e5f90167a05787de4e82d6a047674a038c8b465bd,2709,,,internal_pending_release
partial_f7_f_figure_7f_cell_points_csv,build/source_data/Figure_7/F/Figure_7F_cell_points.csv,partial_source_data,csv,b78b5990fdfc58a6acb2c0368de5978a257b2244fb617b1221c9c446743d1e29,636657,build_revision_f7_f,,internal_pending_release
partial_f7_f_figure_7f_day_repeat_means_csv,build/source_data/Figure_7/F/Figure_7F_day_repeat_means.csv,partial_source_data,csv,e8cac38da77ec5969dd9932330c9bb12dc2bed4691cdc75e3e19bd22a5d0caaf,953,build_revision_f7_f,,internal_pending_release
partial_f7_f_figure_7f_numeric_audit_csv,build/statistics/Figure_7/F/Figure_7F_numeric_audit.csv,partial_source_data,csv,9cbf8d08cfd665d9e4540bc5c86b13b0cc0aaf06388b59a8f123718fd32042b0,257,build_revision_f7_f,,internal_pending_release
partial_f7_f_figure_7f_pdf,build/panels/Figure_7/F/Figure_7F.pdf,partial_panel_output,pdf,28c4fa2f2c85dc5ca006fa1ca61f28a6c6744196dfab18dd7dea9e762094e53e,28387,build_revision_f7_f,,internal_pending_release
partial_f7_f_figure_7f_png,build/panels/Figure_7/F/Figure_7F.png,partial_panel_output,png,73598b8ffb3b3b20724653d4f583acb23930af0fa763d4a79e5ca40dfdbd846e,54779,build_revision_f7_f,,internal_pending_release
partial_f7_f_figure_7f_svg,build/panels/Figure_7/F/Figure_7F.svg,partial_panel_output,svg,a5bce464c817aeb48cfa9b9883cc683fa8fcbc1ea175009fba9ee0a096297de8,28868,build_revision_f7_f,,internal_pending_release
partial_f7_g_figure_7g_cell_points_csv,build/source_data/Figure_7/G/Figure_7G_cell_points.csv,partial_source_data,csv,459df03675b1a18fa7da399d1f15815f70679bd7406fda1646a6e594b63368f8,1046713,build_revision_f7_g,,internal_pending_release
partial_f7_g_figure_7g_day_repeat_means_csv,build/source_data/Figure_7/G/Figure_7G_day_repeat_means.csv,partial_source_data,csv,ab8e42ff39b6f9cdf3cf61a0a7ecd89fd18ebe4434d198f3a31f4e2b6d0a0e39,1036,build_revision_f7_g,,internal_pending_release
partial_f7_g_figure_7g_numeric_audit_csv,build/statistics/Figure_7/G/Figure_7G_numeric_audit.csv,partial_source_data,csv,fada5a119f441f05911feff107207b06cf409c8ed6ae3f8dee6f207e2715aaf3,261,build_revision_f7_g,,internal_pending_release
partial_f7_g_figure_7g_pdf,build/panels/Figure_7/G/Figure_7G.pdf,partial_panel_output,pdf,afbc84df70fb5ece257bd082422e02e5579d39c9ca2f8cca5be4342f4f847ce5,28469,build_revision_f7_g,,internal_pending_release
partial_f7_g_figure_7g_png,build/panels/Figure_7/G/Figure_7G.png,partial_panel_output,png,cad2fe41f69bf34f6ca6a374b1689031aa7bf9d40bd72dda1f2d9690d4a38233,56245,build_revision_f7_g,,internal_pending_release
partial_f7_g_figure_7g_svg,build/panels/Figure_7/G/Figure_7G.svg,partial_panel_output,svg,a29e586d21f777b139b5ec03a46121690cbcb4b38ab45f4c1a88ec3f3be2b092,31592,build_revision_f7_g,,internal_pending_release
partial_s1_a_cell_points_parquet,data/processed/supplementary_01/S1_A/cell_points.parquet,partial_processed_input,parquet,cb8141d87d33809d1a6a98e4bdbd676d3d1db08f0b7dbc8c4c74129c2255cc50,1526302,,,internal_pending_release
partial_s1_a_replicate_means_csv,data/processed/supplementary_01/S1_A/replicate_means.csv,partial_processed_input,csv,b9d805b6dc142150a1fa59db9ab2c3129dd2e44ed1c3cd4ec10052183fc80d94,875,,,internal_pending_release
partial_s1_a_s1_a_csv_gz,data/source_data/supplementary_01/S1_A.csv.gz,partial_source_data,csv.gz,6ad4fa44235cd44a86090e2368e77b8b3f69029791281e99d2a0fbddd50d39ef,1301605,plot_s1_a,,internal_pending_release
partial_s1_a_s1_a_pdf,build/panels/Supplementary_Figure_1/A/S1_A.pdf,partial_panel_output,pdf,c65e2eb10be5724316949bee3d2eee59a0b87de78608203000a4af463cf0501b,38083,plot_s1_a,,internal_pending_release
partial_s1_a_s1_a_png,build/panels/Supplementary_Figure_1/A/S1_A.png,partial_panel_output,png,cb3c745cc6caf3658f7efb32136fc1d1b1d54cef39cec1a907a6b1fb1dfe8513,124146,plot_s1_a,,internal_pending_release
partial_s1_a_s1_a_source_data_csv_gz,build/source_data/Supplementary_Figure_1/A/S1_A_source_data.csv.gz,partial_source_data,csv.gz,d2b39f0cd569f7129c5234cd1d06188d14a339ab8ffba2bc17e7c58b2e50917b,1301626,plot_s1_a,,internal_pending_release
partial_s1_a_s1_a_svg,build/panels/Supplementary_Figure_1/A/S1_A.svg,partial_panel_output,svg,1ce08b04d8aeebe2aa125263a130bc1f3971ea0ab9fcd0506b57402a132af857,61317,plot_s1_a,,internal_pending_release
partial_s1_a_summary_csv,build/panels/Supplementary_Figure_1/A/summary.csv,partial_source_data,csv,f963b0aeed7d9a4b6392e8227e5823eb9eff2816c1740e4dbcd016ec9a504940,462,plot_s1_a,,internal_pending_release
partial_s1_b_cell_points_parquet,data/processed/supplementary_01/S1_B/cell_points.parquet,partial_processed_input,parquet,327b60f9acf259c4ace9d88044dfc0cc7d51a993a5e6c730243d83e9800531a8,853460,,,internal_pending_release
partial_s1_b_replicate_means_csv,data/processed/supplementary_01/S1_B/replicate_means.csv,partial_processed_input,csv,f1d531b271ac21e1d576b391841230bca980ee085e4841cf3410c0f266377aec,868,,,internal_pending_release
partial_s1_b_s1_b_csv_gz,data/source_data/supplementary_01/S1_B.csv.gz,partial_source_data,csv.gz,43994ba65d573677305fbf66a38205b6553575b9aa25b049161947d774305228,681827,plot_s1_b,,internal_pending_release
partial_s1_b_s1_b_pdf,build/panels/Supplementary_Figure_1/B/S1_B.pdf,partial_panel_output,pdf,90cbc2b76bafe06db456ca8958c26ed767159d06052afcc5d5e36f9edf69c847,38536,plot_s1_b,,internal_pending_release
partial_s1_b_s1_b_png,build/panels/Supplementary_Figure_1/B/S1_B.png,partial_panel_output,png,c9f5c381859ad0a727cfbae812c5c92f3128cf250f9a61123cf538096e204189,124339,plot_s1_b,,internal_pending_release
partial_s1_b_s1_b_source_data_csv_gz,build/source_data/Supplementary_Figure_1/B/S1_B_source_data.csv.gz,partial_source_data,csv.gz,cffb3e59814da708feb1c9454663f8aff5fcfedcc13292dee2c979b9ac3d7f80,681848,plot_s1_b,,internal_pending_release
partial_s1_b_s1_b_svg,build/panels/Supplementary_Figure_1/B/S1_B.svg,partial_panel_output,svg,ba242f508179f69cfff512a85e4174012774accb3ddc0dd338f0dbc9733cabce,61311,plot_s1_b,,internal_pending_release
partial_s1_b_summary_csv,build/panels/Supplementary_Figure_1/B/summary.csv,partial_source_data,csv,ac7ea5e886af0665926df7cf6dd927ec44e69541ee0b596b87f2e4a158295cfa,464,plot_s1_b,,internal_pending_release
partial_s2_a_s2_a_pdf,build/panels/Supplementary_Figure_2/A/S2_A.pdf,partial_panel_output,pdf,e2ba3b65a4dae28421b8384b6213a4cb9987b27e25b0558638bb453650103d98,97292,build_s2_a_flagellar_proteins,,internal_pending_release
partial_s2_a_s2_a_png,build/panels/Supplementary_Figure_2/A/S2_A.png,partial_panel_output,png,d5cbaaaf1418ad182e9856df4078a3d88a6fa646dcf13f616ba4785e6b83ed32,259199,build_s2_a_flagellar_proteins,,internal_pending_release
partial_s2_a_s2_a_source_data_csv,data/source_data/s2_a/S2_A_source_data.csv,partial_source_data,csv,2a011a039369913f2a409dca4c39f31d322824dbb232df3bc673c16fa01caaf3,15911,build_s2_a_flagellar_proteins,,internal_pending_release
partial_s2_a_s2_a_svg,build/panels/Supplementary_Figure_2/A/S2_A.svg,partial_panel_output,svg,a37687c37be01fa89f1763ac94ff077bb1db47d33202234bbbca56c5262042a6,239076,build_s2_a_flagellar_proteins,,internal_pending_release
partial_s3_a_motility_competition_paired_measurements_csv,data/processed/supplementary_03/motility_competition_paired_measurements.csv,partial_processed_input,csv,e593124975f362714d5b7dc99bc21ea2b9f47b92c23e9ca337ac3a3f7478d59e,87105,,,internal_pending_release
partial_s3_a_s3_a_paired_effect_csv,data/source_data/supplementary_03/S3_A_paired_effect.csv,partial_source_data,csv,9e3d6c76602aed576584550c43587eae0dde4807a78152419d9518d7a7cd72f9,250,plot_s3_a,,internal_pending_release
partial_s3_a_s3_a_paired_effect_statistics_csv,build/statistics/Supplementary_Figure_3/A/S3_A_paired_effect_statistics.csv,partial_statistics,csv,9e3d6c76602aed576584550c43587eae0dde4807a78152419d9518d7a7cd72f9,250,plot_s3_a,,internal_pending_release
partial_s3_a_s3_a_paired_points_csv,data/source_data/supplementary_03/S3_A_paired_points.csv,partial_source_data,csv,8e652c529ecdff9fc703992fa0f6c78f6c88ab918a4cc905e95ed200a48cc03a,4455,plot_s3_a,,internal_pending_release
partial_s3_a_s3_a_pdf,build/panels/Supplementary_Figure_3/A/S3_A.pdf,partial_panel_output,pdf,289e54fbc185ae742bb1b9340971a2df91b30fd94320507b32213fe970d8e5fa,31279,plot_s3_a,,internal_pending_release
partial_s3_a_s3_a_png,build/panels/Supplementary_Figure_3/A/S3_A.png,partial_panel_output,png,b9343f6ee0d3a55fd6b92528b3ece0243ce1579c59b8c74375f86a92859ebeb7,75873,plot_s3_a,,internal_pending_release
partial_s3_a_s3_a_svg,build/panels/Supplementary_Figure_3/A/S3_A.svg,partial_panel_output,svg,1ada7906199bba27beb69f8d36f8e64011fb22ab8fe1a113e881ecb0a7a27da7,47357,plot_s3_a,,internal_pending_release
partial_s3_b_s3_b_paired_effect_csv,data/source_data/supplementary_03/S3_B_paired_effect.csv,partial_source_data,csv,4c122eb8a7ef6d29e22543841986de3926785a0596f86b01517b78e6c7f5c687,249,plot_s3_b,,internal_pending_release
partial_s3_b_s3_b_paired_effect_statistics_csv,build/statistics/Supplementary_Figure_3/B/S3_B_paired_effect_statistics.csv,partial_statistics,csv,4c122eb8a7ef6d29e22543841986de3926785a0596f86b01517b78e6c7f5c687,249,plot_s3_b,,internal_pending_release
partial_s3_b_s3_b_paired_points_csv,data/source_data/supplementary_03/S3_B_paired_points.csv,partial_source_data,csv,e2ea5552585648825f580bd254678423a8bbb97625819182db9277142421f860,4488,plot_s3_b,,internal_pending_release
partial_s3_b_s3_b_pdf,build/panels/Supplementary_Figure_3/B/S3_B.pdf,partial_panel_output,pdf,4ec48eb268a5d6a2e3e067ec9cc4cfe9580eb7e57bf67b1cf6a5b368b0f1cbd1,30346,plot_s3_b,,internal_pending_release
partial_s3_b_s3_b_png,build/panels/Supplementary_Figure_3/B/S3_B.png,partial_panel_output,png,ec7b1cdf060ecde3781b20af9ef579b96cb0320e3c4cd91cbe16a079e2939cbe,69642,plot_s3_b,,internal_pending_release
partial_s3_b_s3_b_svg,build/panels/Supplementary_Figure_3/B/S3_B.svg,partial_panel_output,svg,6ccda22a13c7a03829d7bd855d98970dc9f075be4aa528a49280ffac3643b2f4,48109,plot_s3_b,,internal_pending_release
partial_s3_c_s3_c_paired_effect_csv,data/source_data/supplementary_03/S3_C_paired_effect.csv,partial_source_data,csv,c0edfe4788f39e374a8d73df007e770b68cf272af5ab6a79bd5773d4cfc2b8b8,252,plot_s3_c,,internal_pending_release
partial_s3_c_s3_c_paired_effect_statistics_csv,build/statistics/Supplementary_Figure_3/C/S3_C_paired_effect_statistics.csv,partial_statistics,csv,c0edfe4788f39e374a8d73df007e770b68cf272af5ab6a79bd5773d4cfc2b8b8,252,plot_s3_c,,internal_pending_release
partial_s3_c_s3_c_paired_points_csv,data/source_data/supplementary_03/S3_C_paired_points.csv,partial_source_data,csv,dca1b0a652de1ef082e58d63c894123a294a58f20b50a2c13ca52570af2f9f8f,4322,plot_s3_c,,internal_pending_release
partial_s3_c_s3_c_pdf,build/panels/Supplementary_Figure_3/C/S3_C.pdf,partial_panel_output,pdf,acaf7fabcd52b27e80a27dcb3854cf66005113a70056a3a80593a195c6ebc8c5,31159,plot_s3_c,,internal_pending_release
partial_s3_c_s3_c_png,build/panels/Supplementary_Figure_3/C/S3_C.png,partial_panel_output,png,7acab252f5cfeeef3ea96a84d8b8801f963cf51dd7b364cd71ce46d8c40dbeed,79274,plot_s3_c,,internal_pending_release
partial_s3_c_s3_c_svg,build/panels/Supplementary_Figure_3/C/S3_C.svg,partial_panel_output,svg,f5e20872aefe247fb708d89b7a708298db10ad6111de655a8e1fa58032e90920,47313,plot_s3_c,,internal_pending_release
partial_s3_d_s3_d_paired_effect_csv,data/source_data/supplementary_03/S3_D_paired_effect.csv,partial_source_data,csv,39cd02eb8c2d5b5e705f24e5834cbfeabd9f523299183ddcd2b6709088b0ad76,271,plot_s3_d,,internal_pending_release
partial_s3_d_s3_d_paired_effect_statistics_csv,build/statistics/Supplementary_Figure_3/D/S3_D_paired_effect_statistics.csv,partial_statistics,csv,39cd02eb8c2d5b5e705f24e5834cbfeabd9f523299183ddcd2b6709088b0ad76,271,plot_s3_d,,internal_pending_release
partial_s3_d_s3_d_paired_points_csv,data/source_data/supplementary_03/S3_D_paired_points.csv,partial_source_data,csv,d95575e1207891e0ae3032b90a67599f5d7b5f4eb468bf3286bc8358977e0883,4523,plot_s3_d,,internal_pending_release
partial_s3_d_s3_d_pdf,build/panels/Supplementary_Figure_3/D/S3_D.pdf,partial_panel_output,pdf,6bfb2c29010ab00928b09cbf4905b8f95e60d5acc3c74e323763f6670bc7070a,31975,plot_s3_d,,internal_pending_release
partial_s3_d_s3_d_png,build/panels/Supplementary_Figure_3/D/S3_D.png,partial_panel_output,png,72029a683af000f9157de90551c250e28c03d384b4fd898ba78b8915ef4242fb,80543,plot_s3_d,,internal_pending_release
partial_s3_d_s3_d_svg,build/panels/Supplementary_Figure_3/D/S3_D.svg,partial_panel_output,svg,8801c43c70d48f5c9bc6845294a6f5151e508eb983c9f81b8212e075d1eb0b32,47829,plot_s3_d,,internal_pending_release
partial_s3_e_s3_e_paired_effect_csv,data/source_data/supplementary_03/S3_E_paired_effect.csv,partial_source_data,csv,7344c17d07303e7c0e3f76142330017f5423e4781bebc3065e989f850b21d4f6,272,plot_s3_e,,internal_pending_release
partial_s3_e_s3_e_paired_effect_statistics_csv,build/statistics/Supplementary_Figure_3/E/S3_E_paired_effect_statistics.csv,partial_statistics,csv,7344c17d07303e7c0e3f76142330017f5423e4781bebc3065e989f850b21d4f6,272,plot_s3_e,,internal_pending_release
partial_s3_e_s3_e_paired_points_csv,data/source_data/supplementary_03/S3_E_paired_points.csv,partial_source_data,csv,5eba6374a8ea0f48159f5a4d1b1b8eed5b4542871e8f12e7437f76464c059e20,4557,plot_s3_e,,internal_pending_release
partial_s3_e_s3_e_pdf,build/panels/Supplementary_Figure_3/E/S3_E.pdf,partial_panel_output,pdf,16f2889636882a9fdce88adabfbd54a02f69a6347c82e083f3ec13450d35100d,31456,plot_s3_e,,internal_pending_release
partial_s3_e_s3_e_png,build/panels/Supplementary_Figure_3/E/S3_E.png,partial_panel_output,png,54e508e7f7a067847238d5db6247dea9005ee2c06bd7e7a2672ffb7e0ccf8665,64014,plot_s3_e,,internal_pending_release
partial_s3_e_s3_e_svg,build/panels/Supplementary_Figure_3/E/S3_E.svg,partial_panel_output,svg,edc0f1375a6bfd6322c682468efce14a47a3fa006281aa4e70c6ce9a20072c3d,48659,plot_s3_e,,internal_pending_release
partial_s3_f_s3_f_paired_effect_csv,data/source_data/supplementary_03/S3_F_paired_effect.csv,partial_source_data,csv,129da2736d8352472b95d5aa3951e7bc524df123cff6ee1a524d2fa346a3eb31,274,plot_s3_f,,internal_pending_release
partial_s3_f_s3_f_paired_effect_statistics_csv,build/statistics/Supplementary_Figure_3/F/S3_F_paired_effect_statistics.csv,partial_statistics,csv,129da2736d8352472b95d5aa3951e7bc524df123cff6ee1a524d2fa346a3eb31,274,plot_s3_f,,internal_pending_release
partial_s3_f_s3_f_paired_points_csv,data/source_data/supplementary_03/S3_F_paired_points.csv,partial_source_data,csv,ac2062180f61b7d86620da4ed86779432e5642094655dea9073617c7819578b3,4382,plot_s3_f,,internal_pending_release
partial_s3_f_s3_f_pdf,build/panels/Supplementary_Figure_3/F/S3_F.pdf,partial_panel_output,pdf,029daba2fbef1cf406922e94d354b2d196b9921321fb8883aeeaca224b684ac1,31913,plot_s3_f,,internal_pending_release
partial_s3_f_s3_f_png,build/panels/Supplementary_Figure_3/F/S3_F.png,partial_panel_output,png,561958db8417c68a6dbfc49fad410c0bff42c41d5d72bb1e41ac807a86dd07c9,81211,plot_s3_f,,internal_pending_release
partial_s3_f_s3_f_svg,build/panels/Supplementary_Figure_3/F/S3_F.svg,partial_panel_output,svg,76fd61e7e0ad5d75332bf20d49eddbeee17030a1ae8c937f6ec7fb977aec0703,47853,plot_s3_f,,internal_pending_release
partial_s3_g_s3_g_paired_effect_csv,data/source_data/supplementary_03/S3_G_paired_effect.csv,partial_source_data,csv,568996241feab9718312079fecd2e864fcdc0442d7bdd935e753089c8a8127c4,249,plot_s3_g,,internal_pending_release
partial_s3_g_s3_g_paired_effect_statistics_csv,build/statistics/Supplementary_Figure_3/G/S3_G_paired_effect_statistics.csv,partial_statistics,csv,568996241feab9718312079fecd2e864fcdc0442d7bdd935e753089c8a8127c4,249,plot_s3_g,,internal_pending_release
partial_s3_g_s3_g_paired_points_csv,data/source_data/supplementary_03/S3_G_paired_points.csv,partial_source_data,csv,83861660e45f6a9ed9bbb4993d41c3cd04709ec975927fb2055929d004152dfa,3842,plot_s3_g,,internal_pending_release
partial_s3_g_s3_g_pdf,build/panels/Supplementary_Figure_3/G/S3_G.pdf,partial_panel_output,pdf,0ba9f11edb98da604e1e411270de00f6aa022e2e5e46a2450219edea4d994a34,30418,plot_s3_g,,internal_pending_release
partial_s3_g_s3_g_png,build/panels/Supplementary_Figure_3/G/S3_G.png,partial_panel_output,png,b894a1101b2f78dc2b71b2da01874287452721f0284e550b568cdcb5a49825bf,70514,plot_s3_g,,internal_pending_release
partial_s3_g_s3_g_svg,build/panels/Supplementary_Figure_3/G/S3_G.svg,partial_panel_output,svg,39e0d399ea0a7f1c88e59c1b2c27399c8cd4dbac4d6444d875a33c6698d417bc,47922,plot_s3_g,,internal_pending_release
partial_s3_h_s3_h_paired_effect_csv,data/source_data/supplementary_03/S3_H_paired_effect.csv,partial_source_data,csv,318f8dd7420438d06fc7394f719e50435ed614d3ea56287cf516a226e9fad490,250,plot_s3_h,,internal_pending_release
partial_s3_h_s3_h_paired_effect_statistics_csv,build/statistics/Supplementary_Figure_3/H/S3_H_paired_effect_statistics.csv,partial_statistics,csv,318f8dd7420438d06fc7394f719e50435ed614d3ea56287cf516a226e9fad490,250,plot_s3_h,,internal_pending_release
partial_s3_h_s3_h_paired_points_csv,data/source_data/supplementary_03/S3_H_paired_points.csv,partial_source_data,csv,c959b2c2546f2af98e48106ab8ee3edff9e8b86a6da3641de899e94600583e75,3848,plot_s3_h,,internal_pending_release
partial_s3_h_s3_h_pdf,build/panels/Supplementary_Figure_3/H/S3_H.pdf,partial_panel_output,pdf,963d539055d7a0868132461b7642168d50834f4da0e9006c98d998bf51f57c10,29685,plot_s3_h,,internal_pending_release
partial_s3_h_s3_h_png,build/panels/Supplementary_Figure_3/H/S3_H.png,partial_panel_output,png,47639fa92a6b9055e1ea94ac095d6aec972f4a478db5982a6f3dc6b7b4706e07,58226,plot_s3_h,,internal_pending_release
partial_s3_h_s3_h_svg,build/panels/Supplementary_Figure_3/H/S3_H.svg,partial_panel_output,svg,2b0d4f68235dde697d71bb16ed3a58a01de1e3a0056ca3ff7d325461fe3e95e4,48847,plot_s3_h,,internal_pending_release
partial_s3_i_s3_i_paired_effect_csv,data/source_data/supplementary_03/S3_I_paired_effect.csv,partial_source_data,csv,ff8e0882cc6765310c48469cd110de8c5bf56d19d23f6bebfc61f5ff729cc752,255,plot_s3_i,,internal_pending_release
partial_s3_i_s3_i_paired_effect_statistics_csv,build/statistics/Supplementary_Figure_3/I/S3_I_paired_effect_statistics.csv,partial_statistics,csv,ff8e0882cc6765310c48469cd110de8c5bf56d19d23f6bebfc61f5ff729cc752,255,plot_s3_i,,internal_pending_release
partial_s3_i_s3_i_paired_points_csv,data/source_data/supplementary_03/S3_I_paired_points.csv,partial_source_data,csv,82ab92745569206cc545adad29cef42981ba6e9169ff93b7f4aa795c7cc3d0b4,3705,plot_s3_i,,internal_pending_release
partial_s3_i_s3_i_pdf,build/panels/Supplementary_Figure_3/I/S3_I.pdf,partial_panel_output,pdf,8a6fe2642a0157cb9de7e2a8526d663df9efe038a45edbb583e499f82f58a1a2,30053,plot_s3_i,,internal_pending_release
partial_s3_i_s3_i_png,build/panels/Supplementary_Figure_3/I/S3_I.png,partial_panel_output,png,b121a61ad9c7ce8641669df421e5d1e1bf9e59c77a4891a09f53e9ca4ed516b3,76289,plot_s3_i,,internal_pending_release
partial_s3_i_s3_i_svg,build/panels/Supplementary_Figure_3/I/S3_I.svg,partial_panel_output,svg,a582b1d1dc1ce06b790cbc6500197663d577a66ec2954af2e681ae6179cdba70,48005,plot_s3_i,,internal_pending_release
partial_s4_a_s4_a_obstacles_csv,data/source_data/supplementary_04/S4_A_obstacles.csv,partial_source_data,csv,a188826230513c99d13f2e692d6812a755e696aeab097bac92f04ec4203acc85,57,plot_s4_a,,internal_pending_release
partial_s4_a_s4_a_pdf,build/panels/Supplementary_Figure_4/A/S4_A.pdf,partial_panel_output,pdf,5a406f2ac7042c950e1b6fddbd285c6cb50097a0d03484852d97ac7d1c13045c,363666,plot_s4_a,,internal_pending_release
partial_s4_a_s4_a_png,build/panels/Supplementary_Figure_4/A/S4_A.png,partial_panel_output,png,f83410bd22c76dac183031320e51b01584e147c733dce8a4c4b2004c8377922a,232494,plot_s4_a,,internal_pending_release
partial_s4_a_s4_a_simulated_trajectories_csv_gz,data/source_data/supplementary_04/S4_A_simulated_trajectories.csv.gz,partial_source_data,csv.gz,32efb82c451da2026f82864d38aac48aa5528e558d6c46b14527fa16353f7760,4740766,plot_s4_a,,internal_pending_release
partial_s4_a_s4_a_svg,build/panels/Supplementary_Figure_4/A/S4_A.svg,partial_panel_output,svg,e843451dc1845ce6dc3be8a6b896b4f646a2dc73bffdce445e1593ac6111d095,898552,plot_s4_a,,internal_pending_release
partial_s4_b_s4_b_obstacles_csv,data/source_data/supplementary_04/S4_B_obstacles.csv,partial_source_data,csv,a188826230513c99d13f2e692d6812a755e696aeab097bac92f04ec4203acc85,57,plot_s4_b,,internal_pending_release
partial_s4_b_s4_b_pdf,build/panels/Supplementary_Figure_4/B/S4_B.pdf,partial_panel_output,pdf,b567ab5c03d7f6e5468fedde9b8a839cbf20155323f7089779f6e9f3b50e8f7e,380532,plot_s4_b,,internal_pending_release
partial_s4_b_s4_b_png,build/panels/Supplementary_Figure_4/B/S4_B.png,partial_panel_output,png,87a99d8bc7c166a56c82bf2cd67120386e75e74e275d429ef520f5703d4cf04b,252160,plot_s4_b,,internal_pending_release
partial_s4_b_s4_b_simulated_trajectories_csv_gz,data/source_data/supplementary_04/S4_B_simulated_trajectories.csv.gz,partial_source_data,csv.gz,b30e392ec316f8357c36dd72b17cc3889f2d92880de6bbd950e14bd17c4ac5c6,4728779,plot_s4_b,,internal_pending_release
partial_s4_b_s4_b_svg,build/panels/Supplementary_Figure_4/B/S4_B.svg,partial_panel_output,svg,1f08257b65e12382b9052d6c6c63d2ff9d2ae0af97e325a4318da677e58f371b,939852,plot_s4_b,,internal_pending_release
partial_s4_c_s4_c_obstacles_csv,data/source_data/supplementary_04/S4_C_obstacles.csv,partial_source_data,csv,a188826230513c99d13f2e692d6812a755e696aeab097bac92f04ec4203acc85,57,plot_s4_c,,internal_pending_release
partial_s4_c_s4_c_pdf,build/panels/Supplementary_Figure_4/C/S4_C.pdf,partial_panel_output,pdf,0e2c87df27fae67aacfec32028b4e3a8b8ce558beb2bb0764ff2f1c79ed11c3a,361547,plot_s4_c,,internal_pending_release
partial_s4_c_s4_c_png,build/panels/Supplementary_Figure_4/C/S4_C.png,partial_panel_output,png,92a2b00f2152efb3cf5ca358219c941bea467b6c8e723317dadad2c69787dc1f,470300,plot_s4_c,,internal_pending_release
partial_s4_c_s4_c_simulated_trajectories_csv_gz,data/source_data/supplementary_04/S4_C_simulated_trajectories.csv.gz,partial_source_data,csv.gz,f42339f8bba1021fa1580810b5822fffc83dfcff83350dc6837feeb6164c1544,4745458,plot_s4_c,,internal_pending_release
partial_s4_c_s4_c_svg,build/panels/Supplementary_Figure_4/C/S4_C.svg,partial_panel_output,svg,366d0b5d60d3bf8e781f800d5ead09db51c853016250f45eb11480cdf2dd2c71,864113,plot_s4_c,,internal_pending_release
partial_s4_d_s4_d_obstacles_csv,data/source_data/supplementary_04/S4_D_obstacles.csv,partial_source_data,csv,b815e2838de5c30bd6221cacf2e5bb3361a59b760e73b0c69326a1b958784af9,4376,plot_s4_d,,internal_pending_release
partial_s4_d_s4_d_pdf,build/panels/Supplementary_Figure_4/D/S4_D.pdf,partial_panel_output,pdf,6ab9925305485a9f31a35b44763536836b80ebfa05cf0424072cb81a4879e6f5,434306,plot_s4_d,,internal_pending_release
partial_s4_d_s4_d_png,build/panels/Supplementary_Figure_4/D/S4_D.png,partial_panel_output,png,fe981a985db5419155f299bf51f1a076cd9e5b9344170620426511d83846db5b,143553,plot_s4_d,,internal_pending_release
partial_s4_d_s4_d_simulated_trajectories_csv_gz,data/source_data/supplementary_04/S4_D_simulated_trajectories.csv.gz,partial_source_data,csv.gz,6473e06777f25836da100904c09ad23767372333b50ca186533b9972ccd2166f,4727005,plot_s4_d,,internal_pending_release
partial_s4_d_s4_d_svg,build/panels/Supplementary_Figure_4/D/S4_D.svg,partial_panel_output,svg,c74bf64562cbaabb88ad971c24328c55e62c33b519aa02bc5499aa23af8f986a,1131040,plot_s4_d,,internal_pending_release
partial_s4_e_s4_e_obstacles_csv,data/source_data/supplementary_04/S4_E_obstacles.csv,partial_source_data,csv,4fc90bdecd8dbf0bbceb8292861e628ffbdb330c99664a682e7c175267862eed,4214,plot_s4_e,,internal_pending_release
partial_s4_e_s4_e_pdf,build/panels/Supplementary_Figure_4/E/S4_E.pdf,partial_panel_output,pdf,7870b17074533ec9da254448a06276d594a156e952a5637f4f724d29fa343163,354341,plot_s4_e,,internal_pending_release
partial_s4_e_s4_e_png,build/panels/Supplementary_Figure_4/E/S4_E.png,partial_panel_output,png,0e720ad97c4fbbef43441836e7f7c8895ea866865b73f454f76ca54814191f46,250135,plot_s4_e,,internal_pending_release
partial_s4_e_s4_e_simulated_trajectories_csv_gz,data/source_data/supplementary_04/S4_E_simulated_trajectories.csv.gz,partial_source_data,csv.gz,ad1e17617b9d37d2c203ac6a8d82a72e361112f8221272440730a911e180cfb6,4702635,plot_s4_e,,internal_pending_release
partial_s4_e_s4_e_svg,build/panels/Supplementary_Figure_4/E/S4_E.svg,partial_panel_output,svg,6fedcfcb28d8ac9ebeed6eaec8ad375cd6e378eab482f7f321b2f3eadaf74f5a,879550,plot_s4_e,,internal_pending_release
partial_s4_f_s4_f_obstacles_csv,data/source_data/supplementary_04/S4_F_obstacles.csv,partial_source_data,csv,c06601b4368184f3b57f1c40d95fcbfa2f1b8d4cfdb25f6cb7c864f3ab07467c,4376,plot_s4_f,,internal_pending_release
partial_s4_f_s4_f_pdf,build/panels/Supplementary_Figure_4/F/S4_F.pdf,partial_panel_output,pdf,be4d30272e3b3b092b94ba9ac56c1af16ea99952b5e6e556382b1041777e615e,402072,plot_s4_f,,internal_pending_release
partial_s4_f_s4_f_png,build/panels/Supplementary_Figure_4/F/S4_F.png,partial_panel_output,png,4354dbfdc5a0157dff1966d2f7fb282492757f34b9202d00e3b8b12c757bdcdd,335027,plot_s4_f,,internal_pending_release
partial_s4_f_s4_f_simulated_trajectories_csv_gz,data/source_data/supplementary_04/S4_F_simulated_trajectories.csv.gz,partial_source_data,csv.gz,5056170f632dee010b52f8f5f9163140cc734cfe2cb5c7a07fddf9a63b89f4f5,4772623,plot_s4_f,,internal_pending_release
partial_s4_f_s4_f_svg,build/panels/Supplementary_Figure_4/F/S4_F.svg,partial_panel_output,svg,3a56ba7f76e43f028455a8a5be3147ebd1b73cf2f0246d77afc0bb23ca6c80f5,1023303,plot_s4_f,,internal_pending_release
partial_s5_a_s5_a_caption_sentences_txt,build/statistics/Supplementary_Figure_5/A/S5_A_caption_sentences.txt,partial_source_data,txt,df2040b6aa48cae63b20ae81f6bf02236bceb0b237d6afa2c4a8653765ff47e5,1111,plot_s5_a,,internal_pending_release
partial_s5_a_s5_a_contour_grid_audit_csv,build/statistics/Supplementary_Figure_5/A/S5_A_contour_grid_audit.csv,partial_source_data,csv,64461b414a54328ac8cff515c883da2f0dcb9275ad659a9c69bc2e75e01913f3,1531,plot_s5_a,,internal_pending_release
partial_s5_a_s5_a_paired_centroid_differences_csv,build/statistics/Supplementary_Figure_5/A/S5_A_paired_centroid_differences.csv,partial_source_data,csv,be258e55bc0981d48dd8207442a8d6984efb9d9327602f2aaaa8442bb3fb0934,490,plot_s5_a,,internal_pending_release
partial_s5_a_s5_a_pdf,build/panels/Supplementary_Figure_5/A/S5_A.pdf,partial_panel_output,pdf,ae303e0a85e79804ca68b30e72c5aad18366fe35912a869b06e4b330d72c2776,77876,plot_s5_a,,internal_pending_release
partial_s5_a_s5_a_png,build/panels/Supplementary_Figure_5/A/S5_A.png,partial_panel_output,png,1ecff511f505c1d58406ebd8991f59ecbea39c5a2047bb2b519937629d24388e,170298,plot_s5_a,,internal_pending_release
partial_s5_a_s5_a_svg,build/panels/Supplementary_Figure_5/A/S5_A.svg,partial_panel_output,svg,7373eefc06ed3ad2f7e43e9bb499bebf67e9d5d75674827fe9929da8ff207d62,192301,plot_s5_a,,internal_pending_release
partial_s5_a_s5_a_unit_centroids_csv,build/statistics/Supplementary_Figure_5/A/S5_A_unit_centroids.csv,partial_source_data,csv,a210256bb3f14f62f4eb6bfb016cc80115f041b990a27da239bf0206149d2b30,679,plot_s5_a,,internal_pending_release
partial_s5_b_s5_b_caption_sentences_txt,build/statistics/Supplementary_Figure_5/B/S5_B_caption_sentences.txt,partial_source_data,txt,df2040b6aa48cae63b20ae81f6bf02236bceb0b237d6afa2c4a8653765ff47e5,1111,plot_s5_b,,internal_pending_release
partial_s5_b_s5_b_contour_grid_audit_csv,build/statistics/Supplementary_Figure_5/B/S5_B_contour_grid_audit.csv,partial_source_data,csv,13ee398d43a5fe9744ba8f8d6cd9699f707d7d6f40e7781b1b57a865e9161098,1540,plot_s5_b,,internal_pending_release
partial_s5_b_s5_b_paired_centroid_differences_csv,build/statistics/Supplementary_Figure_5/B/S5_B_paired_centroid_differences.csv,partial_source_data,csv,5858caba006590f067711ca18880b0a78eaaeb6311ab91b883ac904736b68fa6,485,plot_s5_b,,internal_pending_release
partial_s5_b_s5_b_pdf,build/panels/Supplementary_Figure_5/B/S5_B.pdf,partial_panel_output,pdf,5b432a2f8f936aa46073a799fa139de8de362243f6ed3edb0a668cb6e55195c0,76197,plot_s5_b,,internal_pending_release
partial_s5_b_s5_b_png,build/panels/Supplementary_Figure_5/B/S5_B.png,partial_panel_output,png,2507fbadf0bf21b6917d86625ce214696c4ac20f09ffb79e95d5b8ed604e64f4,174010,plot_s5_b,,internal_pending_release
partial_s5_b_s5_b_svg,build/panels/Supplementary_Figure_5/B/S5_B.svg,partial_panel_output,svg,0f6eda521d59340d3f4704562f2ef6367c9fc56fdcec51e010ee09cb564356f7,186155,plot_s5_b,,internal_pending_release
partial_s5_b_s5_b_unit_centroids_csv,build/statistics/Supplementary_Figure_5/B/S5_B_unit_centroids.csv,partial_source_data,csv,0ab09d5dc6403cce79ad811287c1245bfedec7df2362d1ab0f5119f6acb49a96,682,plot_s5_b,,internal_pending_release
partial_s5_c_s5_c_caption_sentences_txt,build/statistics/Supplementary_Figure_5/C/S5_C_caption_sentences.txt,partial_source_data,txt,df2040b6aa48cae63b20ae81f6bf02236bceb0b237d6afa2c4a8653765ff47e5,1111,plot_s5_c,,internal_pending_release
partial_s5_c_s5_c_contour_grid_audit_csv,build/statistics/Supplementary_Figure_5/C/S5_C_contour_grid_audit.csv,partial_source_data,csv,150b8193853f40a3eef3db909f81a615575c7283df3c8dbcef9304e507008d4e,1548,plot_s5_c,,internal_pending_release
partial_s5_c_s5_c_paired_centroid_differences_csv,build/statistics/Supplementary_Figure_5/C/S5_C_paired_centroid_differences.csv,partial_source_data,csv,b20d99de82db9b9d4c3d3f8500336e7ac3aa92656c700ba48f581279f12d4631,486,plot_s5_c,,internal_pending_release
partial_s5_c_s5_c_pdf,build/panels/Supplementary_Figure_5/C/S5_C.pdf,partial_panel_output,pdf,0a3ad31c70ac36959bf3efcb8f41aa40b10df45c518da395412c426688bbdc02,78328,plot_s5_c,,internal_pending_release
partial_s5_c_s5_c_png,build/panels/Supplementary_Figure_5/C/S5_C.png,partial_panel_output,png,5ba38a7724f9815d00110148500b389f7177b4b25a4daeb14df4b761ffe988ae,183776,plot_s5_c,,internal_pending_release
partial_s5_c_s5_c_svg,build/panels/Supplementary_Figure_5/C/S5_C.svg,partial_panel_output,svg,736373c24509f688cd944ce19c2855cd9846e31d6254c42b50318cc7d4d2efa1,197236,plot_s5_c,,internal_pending_release
partial_s5_c_s5_c_unit_centroids_csv,build/statistics/Supplementary_Figure_5/C/S5_C_unit_centroids.csv,partial_source_data,csv,e1610be03696937fe91573a12c235eab7568558ae70cd835843491d4876b5a35,686,plot_s5_c,,internal_pending_release
