panel_id,artifact_id,usage
F1_A,ref_figure_1_svg,final_output
F1_B,ref_figure_1_svg,final_output
F1_C,ref_figure_1_svg,final_output
F1_D,ref_figure_1_svg,final_output
F1_E,ref_figure_1_svg,final_output
F1_F,ref_figure_1_svg,final_output
F1_G,ref_figure_1_svg,final_output
F1_H,ref_figure_1_svg,final_output
F2_A,ref_figure_2_svg,final_output
F2_B,ref_figure_2_svg,final_output
F2_C,ref_figure_2_svg,final_output
F3_A,ref_figure_2_svg,final_output
F3_B,ref_figure_2_svg,final_output
F3_C,ref_figure_2_svg,final_output
F3_D,ref_figure_2_svg,final_output
F3_E,ref_figure_2_svg,final_output
F4_A,ref_figure_3_svg,final_output
F4_B,ref_figure_3_svg,final_output
F4_C,ref_figure_3_svg,final_output
F4_D,ref_figure_3_svg,final_output
F4_E,ref_figure_3_svg,final_output
F4_F,ref_figure_3_svg,final_output
F5_A,ref_figure_3_svg,final_output
F5_B,ref_figure_3_svg,final_output
F5_C,ref_figure_3_svg,final_output
F5_D,ref_figure_3_svg,final_output
F5_E,ref_figure_3_svg,final_output
F6_A,ref_figure_4_svg,final_output
F6_B,ref_figure_4_svg,final_output
F6_C,ref_figure_4_svg,final_output
F6_D,ref_figure_4_svg,final_output
F6_E,ref_figure_4_svg,final_output
F7_A,ref_figure_5_svg,final_output
F7_B,ref_figure_5_svg,final_output
F7_C,ref_figure_5_svg,final_output
F7_D,ref_figure_5_svg,final_output
F7_E,ref_figure_5_svg,final_output
F7_F,ref_figure_5_svg,final_output
F7_G,ref_figure_5_svg,final_output
S1_A,ref_supplementary_figure_1_svg,final_output
S1_B,ref_supplementary_figure_1_svg,final_output
S2_A,ref_supplementary_figure_2_svg,final_output
S3_A,ref_supplementary_figure_4_svg,final_output
S3_B,ref_supplementary_figure_4_svg,final_output
S3_C,ref_supplementary_figure_4_svg,final_output
S3_D,ref_supplementary_figure_4_svg,final_output
S3_E,ref_supplementary_figure_4_svg,final_output
S3_F,ref_supplementary_figure_4_svg,final_output
S3_G,ref_supplementary_figure_4_svg,final_output
S3_H,ref_supplementary_figure_4_svg,final_output
S3_I,ref_supplementary_figure_4_svg,final_output
S4_A,ref_supplementary_figure_5_svg,final_output
S4_B,ref_supplementary_figure_5_svg,final_output
S4_C,ref_supplementary_figure_5_svg,final_output
S4_D,ref_supplementary_figure_5_svg,final_output
S4_E,ref_supplementary_figure_5_svg,final_output
S4_F,ref_supplementary_figure_5_svg,final_output
S5_A,ref_figure_5_svg,final_output
S5_B,ref_figure_5_svg,final_output
S5_C,ref_figure_5_svg,final_output
F1_C,partial_f1_c_f1_c_pdf,panel_output
F1_C,partial_f1_c_f1_c_png,panel_output
F1_C,partial_f1_c_f1_c_svg,panel_output
F1_C,partial_f1_c_cell_points_csv,processed_input
F1_C,partial_f1_c_legacy_statistics_csv,processed_input
F1_C,partial_f1_c_replicate_means_csv,processed_input
F1_C,partial_f1_c_f1_c_distribution_csv,source_data
F1_C,partial_f1_c_f1_c_replicate_means_csv,source_data
F1_C,partial_f1_c_f1_c_statistics_csv,statistics
F1_D,partial_f1_d_f1_d_pdf,panel_output
F1_D,partial_f1_d_f1_d_png,panel_output
F1_D,partial_f1_d_f1_d_svg,panel_output
F1_D,partial_f1_d_cell_points_csv,processed_input
F1_D,partial_f1_d_legacy_statistics_csv,processed_input
F1_D,partial_f1_d_replicate_means_csv,processed_input
F1_D,partial_f1_d_f1_d_distribution_csv,source_data
F1_D,partial_f1_d_f1_d_replicate_means_csv,source_data
F1_D,partial_f1_d_f1_d_statistics_csv,statistics
F1_E,partial_f1_e_f1_e_pdf,panel_output
F1_E,partial_f1_e_f1_e_png,panel_output
F1_E,partial_f1_e_f1_e_svg,panel_output
F1_E,partial_f1_e_cell_points_csv,processed_input
F1_E,partial_f1_e_legacy_bubble_counts_csv,processed_input
F1_E,partial_f1_e_legacy_statistics_csv,processed_input
F1_E,partial_f1_e_f1_e_bubble_counts_csv,source_data
F1_E,partial_f1_e_f1_e_statistics_csv,statistics
F1_H,partial_f1_h_f1_h_pdf,panel_output
F1_H,partial_f1_h_f1_h_png,panel_output
F1_H,partial_f1_h_f1_h_svg,panel_output
F1_H,partial_f1_h_histogram_counts_csv,processed_input
F1_H,partial_f1_h_legacy_statistics_csv,processed_input
F1_H,partial_f1_h_replicate_means_csv,processed_input
F1_H,partial_f1_h_f1_h_distribution_csv,source_data
F1_H,partial_f1_h_f1_h_replicate_means_csv,source_data
F1_H,partial_f1_h_f1_h_statistics_csv,statistics
F2_A,partial_f2_a_f2_a_pdf,panel_output
F2_A,partial_f2_a_f2_a_png,panel_output
F2_A,partial_f2_a_f2_a_svg,panel_output
F2_A,partial_f2_a_per_curve_csv,processed_input
F2_A,partial_f2_a_f2_a_source_data_csv,source_data
F2_A,partial_f2_a_f2_a_statistics_csv,statistics
F2_B,partial_f2_b_f2_b_pdf,panel_output
F2_B,partial_f2_b_f2_b_png,panel_output
F2_B,partial_f2_b_f2_b_svg,panel_output
F2_B,partial_f2_b_per_curve_csv,processed_input
F2_B,partial_f2_b_f2_b_source_data_csv,source_data
F2_B,partial_f2_b_f2_b_statistics_csv,statistics
F2_C,partial_f2_c_f2_c_pdf,panel_output
F2_C,partial_f2_c_f2_c_png,panel_output
F2_C,partial_f2_c_f2_c_svg,panel_output
F2_C,partial_f2_c_cell_points_parquet,processed_input
F2_C,partial_f2_c_replicate_means_csv,processed_input
F2_C,partial_f2_c_f2_c_csv_gz,source_data
F2_C,partial_f2_c_f2_c_source_data_csv_gz,source_data
F2_C,partial_f2_c_summary_csv,source_data
F2_C,partial_f2_c_f2_c_statistics_csv,statistics
F3_B,partial_f3_b_f3_b_pdf,panel_output
F3_B,partial_f3_b_f3_b_png,panel_output
F3_B,partial_f3_b_f3_b_svg,panel_output
F3_B,partial_f3_b_per_curve_csv,processed_input
F3_B,partial_f3_b_f3_b_source_data_csv,source_data
F3_B,partial_f3_b_f3_b_statistics_csv,statistics
F3_C,partial_f3_c_f3_c_pdf,panel_output
F3_C,partial_f3_c_f3_c_png,panel_output
F3_C,partial_f3_c_f3_c_svg,panel_output
F3_C,partial_f3_c_cell_points_parquet,processed_input
F3_C,partial_f3_c_replicate_means_csv,processed_input
F3_C,partial_f3_c_f2_f_csv_gz,source_data
F3_C,partial_f3_c_f3_c_source_data_csv_gz,source_data
F3_C,partial_f3_c_summary_csv,source_data
F3_C,partial_f3_c_f3_c_statistics_csv,statistics
F3_D,partial_f3_d_f3_d_pdf,panel_output
F3_D,partial_f3_d_f3_d_png,panel_output
F3_D,partial_f3_d_f3_d_svg,panel_output
F3_D,partial_f3_d_steady_state_flag_0_00_atp_csv,raw_input
F3_D,partial_f3_d_steady_state_flag_0_00_no_atp_csv,raw_input
F3_D,partial_f3_d_steady_state_flag_0_01_atp_csv,raw_input
F3_D,partial_f3_d_steady_state_flag_0_01_no_atp_csv,raw_input
F3_D,partial_f3_d_steady_state_flag_0_02_atp_csv,raw_input
F3_D,partial_f3_d_steady_state_flag_0_02_no_atp_csv,raw_input
F3_D,partial_f3_d_steady_state_flag_0_03_atp_csv,raw_input
F3_D,partial_f3_d_steady_state_flag_0_03_no_atp_csv,raw_input
F3_D,partial_f3_d_steady_state_flag_0_04_atp_csv,raw_input
F3_D,partial_f3_d_steady_state_flag_0_04_no_atp_csv,raw_input
F3_D,partial_f3_d_steady_state_flag_0_05_atp_csv,raw_input
F3_D,partial_f3_d_steady_state_flag_0_05_no_atp_csv,raw_input
F3_D,partial_f3_d_f3_d_source_data_csv,source_data
F3_D,partial_f3_d_f3_d_statistics_csv,statistics
F3_E,partial_f3_e_f3_e_pdf,panel_output
F3_E,partial_f3_e_f3_e_png,panel_output
F3_E,partial_f3_e_f3_e_svg,panel_output
F3_E,partial_f3_b_per_curve_csv,processed_input
F3_E,partial_f3_d_steady_state_flag_0_00_atp_csv,raw_input
F3_E,partial_f3_d_steady_state_flag_0_00_no_atp_csv,raw_input
F3_E,partial_f3_d_steady_state_flag_0_01_atp_csv,raw_input
F3_E,partial_f3_d_steady_state_flag_0_01_no_atp_csv,raw_input
F3_E,partial_f3_d_steady_state_flag_0_02_atp_csv,raw_input
F3_E,partial_f3_d_steady_state_flag_0_02_no_atp_csv,raw_input
F3_E,partial_f3_d_steady_state_flag_0_03_atp_csv,raw_input
F3_E,partial_f3_d_steady_state_flag_0_03_no_atp_csv,raw_input
F3_E,partial_f3_d_steady_state_flag_0_04_atp_csv,raw_input
F3_E,partial_f3_d_steady_state_flag_0_04_no_atp_csv,raw_input
F3_E,partial_f3_d_steady_state_flag_0_05_atp_csv,raw_input
F3_E,partial_f3_d_steady_state_flag_0_05_no_atp_csv,raw_input
F3_E,partial_f3_e_f3_e_source_data_csv,source_data
F3_E,partial_f3_e_f3_e_statistics_csv,statistics
F4_A,partial_f4_a_salmonella_model_svg,image_asset
F4_A,partial_f4_a_figure_4_a_svg,panel_output
F4_A,partial_f4_a_schematic_asset_csv,source_data
F4_B,partial_f4_b_figure_4_b_pdf,panel_output
F4_B,partial_f4_b_figure_4_b_png,panel_output
F4_B,partial_f4_b_figure_4_b_svg,panel_output
F4_B,partial_f4_b_protein_massfrac_annotated_csv,raw_input
F4_B,partial_f4_b_sector_mass_fractions_tsv,raw_input
F4_B,partial_f4_b_steady_state_flag_0_00_csv,raw_input
F4_B,partial_f4_b_steady_state_flag_0_01_csv,raw_input
F4_B,partial_f4_b_steady_state_flag_0_02_csv,raw_input
F4_B,partial_f4_b_steady_state_flag_0_03_csv,raw_input
F4_B,partial_f4_b_steady_state_flag_0_04_csv,raw_input
F4_B,partial_f4_b_steady_state_flag_0_05_csv,raw_input
F4_B,partial_f4_b_a1_sector_regressions_csv,source_data
F4_B,partial_f4_b_delta_overlay_csv,source_data
F4_C,partial_f4_c_figure_4_c_pdf,panel_output
F4_C,partial_f4_c_figure_4_c_png,panel_output
F4_C,partial_f4_c_figure_4_c_svg,panel_output
F4_C,partial_f4_b_protein_massfrac_annotated_csv,raw_input
F4_C,partial_f4_b_sector_mass_fractions_tsv,raw_input
F4_C,partial_f4_c_label_audit_csv,source_data
F4_C,partial_f4_c_top10_proteins_csv,source_data
F4_D,partial_f4_d_figure_4_d_pdf,panel_output
F4_D,partial_f4_d_figure_4_d_png,panel_output
F4_D,partial_f4_d_figure_4_d_svg,panel_output
F4_D,partial_f4_b_protein_massfrac_annotated_csv,raw_input
F4_D,partial_f4_b_sector_mass_fractions_tsv,raw_input
F4_D,partial_f4_d_measured_sector_composition_csv,source_data
F4_E,partial_f4_e_figure_4_e_pdf,panel_output
F4_E,partial_f4_e_figure_4_e_png,panel_output
F4_E,partial_f4_e_figure_4_e_svg,panel_output
F4_E,partial_f4_b_steady_state_flag_0_00_csv,raw_input
F4_E,partial_f4_b_steady_state_flag_0_01_csv,raw_input
F4_E,partial_f4_b_steady_state_flag_0_02_csv,raw_input
F4_E,partial_f4_b_steady_state_flag_0_03_csv,raw_input
F4_E,partial_f4_b_steady_state_flag_0_04_csv,raw_input
F4_E,partial_f4_b_steady_state_flag_0_05_csv,raw_input
F4_E,partial_f4_e_model_sector_allocation_csv,source_data
F4_F,partial_f4_f_figure_4_f_pdf,panel_output
F4_F,partial_f4_f_figure_4_f_png,panel_output
F4_F,partial_f4_f_figure_4_f_svg,panel_output
F4_F,partial_f4_b_protein_massfrac_annotated_csv,raw_input
F4_F,partial_f4_b_sector_mass_fractions_tsv,raw_input
F4_F,partial_f4_b_steady_state_flag_0_00_csv,raw_input
F4_F,partial_f4_b_steady_state_flag_0_01_csv,raw_input
F4_F,partial_f4_b_steady_state_flag_0_02_csv,raw_input
F4_F,partial_f4_b_steady_state_flag_0_03_csv,raw_input
F4_F,partial_f4_b_steady_state_flag_0_04_csv,raw_input
F4_F,partial_f4_b_steady_state_flag_0_05_csv,raw_input
F4_F,partial_f4_f_population_growth_mutants_csv,raw_input
F4_F,partial_f4_f_growth_allocation_csv,source_data
F5_A,partial_f5_a_figure_5_a_pdf,panel_output
F5_A,partial_f5_a_figure_5_a_png,panel_output
F5_A,partial_f5_a_figure_5_a_svg,panel_output
F5_A,partial_f5_a_dynamic_flag_0_005_csv,raw_input
F5_A,partial_f5_a_dynamic_flag_0_010_csv,raw_input
F5_A,partial_f5_a_dynamic_flag_0_020_csv,raw_input
F5_A,partial_f5_a_dynamic_flag_0_030_csv,raw_input
F5_A,partial_f5_a_dynamic_flag_0_040_csv,raw_input
F5_A,partial_f5_a_dynamic_flag_0_050_csv,raw_input
F5_A,partial_f5_a_substrate_gradient_csv,raw_input
F5_A,partial_f5_a_distance_endpoints_csv,source_data
F5_A,partial_f5_a_glucose_gradient_csv,source_data
F5_B,partial_f5_b_figure_5_b_pdf,panel_output
F5_B,partial_f5_b_figure_5_b_png,panel_output
F5_B,partial_f5_b_figure_5_b_svg,panel_output
F5_B,partial_f5_b_a3_low_allocation_continuation_status_csv,processed_input
F5_B,partial_f5_b_dynamic_flag_0_0000_csv,processed_input
F5_B,partial_f5_a_dynamic_flag_0_005_csv,raw_input
F5_B,partial_f5_a_dynamic_flag_0_010_csv,raw_input
F5_B,partial_f5_a_dynamic_flag_0_020_csv,raw_input
F5_B,partial_f5_a_dynamic_flag_0_030_csv,raw_input
F5_B,partial_f5_a_dynamic_flag_0_040_csv,raw_input
F5_B,partial_f5_a_dynamic_flag_0_050_csv,raw_input
F5_B,partial_f5_b_growth_trajectories_csv,source_data
F5_B,partial_f5_b_non_motile_gain_csv,source_data
F5_C,partial_f5_c_figure_5_c_pdf,panel_output
F5_C,partial_f5_c_figure_5_c_png,panel_output
F5_C,partial_f5_c_figure_5_c_svg,panel_output
F5_C,partial_f5_a_dynamic_flag_0_005_csv,raw_input
F5_C,partial_f5_a_dynamic_flag_0_010_csv,raw_input
F5_C,partial_f5_a_dynamic_flag_0_020_csv,raw_input
F5_C,partial_f5_a_dynamic_flag_0_030_csv,raw_input
F5_C,partial_f5_a_dynamic_flag_0_040_csv,raw_input
F5_C,partial_f5_a_dynamic_flag_0_050_csv,raw_input
F5_C,partial_f5_c_relative_biomass_csv,source_data
F5_D,partial_f5_d_figure_5_d_pdf,panel_output
F5_D,partial_f5_d_figure_5_d_png,panel_output
F5_D,partial_f5_d_figure_5_d_svg,panel_output
F5_D,partial_f5_d_motility_summary_parameters_adopted_csv,processed_input
F5_D,partial_f5_d_liquid_seed_predictions_csv,source_data
F5_D,partial_f5_d_liquid_simulation_interval_csv,source_data
F5_D,partial_f5_d_liquid_summary_csv,source_data
F5_E,partial_f5_e_figure_5_e_pdf,panel_output
F5_E,partial_f5_e_figure_5_e_png,panel_output
F5_E,partial_f5_e_figure_5_e_svg,panel_output
F5_E,partial_f5_d_motility_summary_parameters_adopted_csv,processed_input
F5_E,partial_f5_e_agarose_seed_predictions_csv,source_data
F5_E,partial_f5_e_agarose_simulation_interval_csv,source_data
F5_E,partial_f5_e_agarose_summary_csv,source_data
F6_A,partial_f6_a_figure_6a_pdf,panel_output
F6_A,partial_f6_a_figure_6a_png,panel_output
F6_A,partial_f6_a_figure_6a_svg,panel_output
F6_A,partial_f6_a_figure_06a_ptet_motility_measurements_csv,processed_input
F6_A,partial_f6_a_figure_6a_day_level_points_csv,source_data
F6_A,partial_f6_a_figure_6a_summary_95ci_csv,source_data
F6_A,partial_f6_a_figure_6a_well_measurements_csv,source_data
F6_B,partial_f6_b_figure_6b_pdf,panel_output
F6_B,partial_f6_b_figure_6b_png,panel_output
F6_B,partial_f6_b_figure_6b_svg,panel_output
F6_B,partial_f6_b_figure_06b_ppro_motility_measurements_csv,processed_input
F6_B,partial_f6_b_figure_6b_replicate_points_csv,source_data
F6_B,partial_f6_b_figure_6b_summary_95ci_csv,source_data
F6_B,partial_f6_b_figure_6b_paired_statistics_csv,statistics
F6_C,partial_f6_c_figure_6c_pdf,panel_output
F6_C,partial_f6_c_figure_6c_png,panel_output
F6_C,partial_f6_c_figure_6c_svg,panel_output
F6_C,partial_f6_c_figure_06c_hook_histogram_counts_csv,processed_input
F6_C,partial_f6_c_figure_6c_cell_points_csv,source_data
F6_C,partial_f6_c_figure_6c_numeric_audit_csv,source_data
F6_D,partial_f6_d_competition_scheme_source_pptx,image_asset
F6_D,partial_f6_d_figure_6d_pdf,panel_output
F6_D,partial_f6_d_figure_6d_png,panel_output
F6_D,partial_f6_d_figure_6d_svg,panel_output
F6_D,partial_f6_d_figure_6d_schematic_elements_csv,source_data
F6_E,partial_f6_e_figure_6e_pdf,panel_output
F6_E,partial_f6_e_figure_6e_png,panel_output
F6_E,partial_f6_e_figure_6e_svg,panel_output
F6_E,partial_f6_e_figure_06e_competition_per_cell_csv,processed_input
F6_E,partial_f6_e_figure_6e_assigned_cell_points_csv,source_data
F6_E,partial_f6_e_figure_6e_numeric_audit_csv,source_data
F6_E,partial_f6_e_figure_6e_region_composition_csv,source_data
F6_E,partial_f6_e_figure_6e_roi_fraction_mean_sd_csv,source_data
F6_E,partial_f6_e_figure_6e_roi_hook_fractions_csv,source_data
F7_A,partial_f7_a_figure_7a_pdf,panel_output
F7_A,partial_f7_a_figure_7a_png,panel_output
F7_A,partial_f7_a_figure_7a_svg,panel_output
F7_A,partial_f7_a_direct_pair_track_measurements_csv_gz,processed_input
F7_A,partial_f7_a_paired_experimental_unit_measurements_csv,processed_input
F7_A,partial_f7_a_figure_7a_counts_csv,source_data
F7_A,partial_f7_a_figure_7a_direct_pair_trajectories_csv_gz,source_data
F7_A,partial_f7_a_figure_7a_paired_unit_summaries_csv,source_data
F7_B,partial_f7_b_figure_7b_pdf,panel_output
F7_B,partial_f7_b_figure_7b_png,panel_output
F7_B,partial_f7_b_figure_7b_svg,panel_output
F7_B,partial_f7_a_direct_pair_track_measurements_csv_gz,processed_input
F7_B,partial_f7_a_paired_experimental_unit_measurements_csv,processed_input
F7_B,partial_f7_b_figure_7b_counts_csv,source_data
F7_B,partial_f7_b_figure_7b_direct_pair_trajectories_csv_gz,source_data
F7_B,partial_f7_b_figure_7b_paired_unit_summaries_csv,source_data
F7_C,partial_f7_c_figure_7c_pdf,panel_output
F7_C,partial_f7_c_figure_7c_png,panel_output
F7_C,partial_f7_c_figure_7c_svg,panel_output
F7_C,partial_f7_a_direct_pair_track_measurements_csv_gz,processed_input
F7_C,partial_f7_a_paired_experimental_unit_measurements_csv,processed_input
F7_C,partial_f7_c_figure_7c_counts_csv,source_data
F7_C,partial_f7_c_figure_7c_direct_pair_trajectories_csv_gz,source_data
F7_C,partial_f7_c_figure_7c_paired_unit_summaries_csv,source_data
F7_D,partial_f7_d_figure_7d_pdf,panel_output
F7_D,partial_f7_d_figure_7d_png,panel_output
F7_D,partial_f7_d_figure_7d_svg,panel_output
F7_D,partial_f7_a_direct_pair_track_measurements_csv_gz,processed_input
F7_D,partial_f7_a_paired_experimental_unit_measurements_csv,processed_input
F7_D,partial_f7_d_figure_7d_effective_diffusivity_decomposition_csv,source_data
F7_D,partial_f7_d_figure_7d_unit_log_contrasts_csv,source_data
F7_E,partial_f7_e_figure_7e_pdf,panel_output
F7_E,partial_f7_e_figure_7e_png,panel_output
F7_E,partial_f7_e_figure_7e_svg,panel_output
F7_E,partial_f7_e_hook_count_per_cell_csv,processed_input
F7_E,partial_f7_e_hook_count_repeat_means_csv,processed_input
F7_E,partial_f7_e_figure_7e_cell_points_csv,source_data
F7_E,partial_f7_e_figure_7e_day_repeat_means_csv,source_data
F7_E,partial_f7_e_figure_7e_numeric_audit_csv,source_data
F7_F,partial_f7_f_figure_7f_pdf,panel_output
F7_F,partial_f7_f_figure_7f_png,panel_output
F7_F,partial_f7_f_figure_7f_svg,panel_output
F7_F,partial_f7_e_hook_count_per_cell_csv,processed_input
F7_F,partial_f7_e_hook_count_repeat_means_csv,processed_input
F7_F,partial_f7_f_figure_7f_cell_points_csv,source_data
F7_F,partial_f7_f_figure_7f_day_repeat_means_csv,source_data
F7_F,partial_f7_f_figure_7f_numeric_audit_csv,source_data
F7_G,partial_f7_g_figure_7g_pdf,panel_output
F7_G,partial_f7_g_figure_7g_png,panel_output
F7_G,partial_f7_g_figure_7g_svg,panel_output
F7_G,partial_f7_e_hook_count_per_cell_csv,processed_input
F7_G,partial_f7_e_hook_count_repeat_means_csv,processed_input
F7_G,partial_f7_g_figure_7g_cell_points_csv,source_data
F7_G,partial_f7_g_figure_7g_day_repeat_means_csv,source_data
F7_G,partial_f7_g_figure_7g_numeric_audit_csv,source_data
S1_A,partial_s1_a_s1_a_pdf,panel_output
S1_A,partial_s1_a_s1_a_png,panel_output
S1_A,partial_s1_a_s1_a_svg,panel_output
S1_A,partial_s1_a_cell_points_parquet,processed_input
S1_A,partial_s1_a_replicate_means_csv,processed_input
S1_A,partial_s1_a_s1_a_csv_gz,source_data
S1_A,partial_s1_a_s1_a_source_data_csv_gz,source_data
S1_A,partial_s1_a_summary_csv,source_data
S1_B,partial_s1_b_s1_b_pdf,panel_output
S1_B,partial_s1_b_s1_b_png,panel_output
S1_B,partial_s1_b_s1_b_svg,panel_output
S1_B,partial_s1_b_cell_points_parquet,processed_input
S1_B,partial_s1_b_replicate_means_csv,processed_input
S1_B,partial_s1_b_s1_b_csv_gz,source_data
S1_B,partial_s1_b_s1_b_source_data_csv_gz,source_data
S1_B,partial_s1_b_summary_csv,source_data
S2_A,partial_s2_a_s2_a_pdf,panel_output
S2_A,partial_s2_a_s2_a_png,panel_output
S2_A,partial_s2_a_s2_a_svg,panel_output
S2_A,partial_f4_b_protein_massfrac_annotated_csv,raw_input
S2_A,partial_s2_a_s2_a_source_data_csv,source_data
S3_A,partial_s3_a_s3_a_pdf,panel_output
S3_A,partial_s3_a_s3_a_png,panel_output
S3_A,partial_s3_a_s3_a_svg,panel_output
S3_A,partial_s3_a_motility_competition_paired_measurements_csv,processed_input
S3_A,partial_s3_a_s3_a_paired_effect_csv,source_data
S3_A,partial_s3_a_s3_a_paired_points_csv,source_data
S3_A,partial_s3_a_s3_a_paired_effect_statistics_csv,statistics
S3_B,partial_s3_b_s3_b_pdf,panel_output
S3_B,partial_s3_b_s3_b_png,panel_output
S3_B,partial_s3_b_s3_b_svg,panel_output
S3_B,partial_s3_a_motility_competition_paired_measurements_csv,processed_input
S3_B,partial_s3_b_s3_b_paired_effect_csv,source_data
S3_B,partial_s3_b_s3_b_paired_points_csv,source_data
S3_B,partial_s3_b_s3_b_paired_effect_statistics_csv,statistics
S3_C,partial_s3_c_s3_c_pdf,panel_output
S3_C,partial_s3_c_s3_c_png,panel_output
S3_C,partial_s3_c_s3_c_svg,panel_output
S3_C,partial_s3_a_motility_competition_paired_measurements_csv,processed_input
S3_C,partial_s3_c_s3_c_paired_effect_csv,source_data
S3_C,partial_s3_c_s3_c_paired_points_csv,source_data
S3_C,partial_s3_c_s3_c_paired_effect_statistics_csv,statistics
S3_D,partial_s3_d_s3_d_pdf,panel_output
S3_D,partial_s3_d_s3_d_png,panel_output
S3_D,partial_s3_d_s3_d_svg,panel_output
S3_D,partial_s3_a_motility_competition_paired_measurements_csv,processed_input
S3_D,partial_s3_d_s3_d_paired_effect_csv,source_data
S3_D,partial_s3_d_s3_d_paired_points_csv,source_data
S3_D,partial_s3_d_s3_d_paired_effect_statistics_csv,statistics
S3_E,partial_s3_e_s3_e_pdf,panel_output
S3_E,partial_s3_e_s3_e_png,panel_output
S3_E,partial_s3_e_s3_e_svg,panel_output
S3_E,partial_s3_a_motility_competition_paired_measurements_csv,processed_input
S3_E,partial_s3_e_s3_e_paired_effect_csv,source_data
S3_E,partial_s3_e_s3_e_paired_points_csv,source_data
S3_E,partial_s3_e_s3_e_paired_effect_statistics_csv,statistics
S3_F,partial_s3_f_s3_f_pdf,panel_output
S3_F,partial_s3_f_s3_f_png,panel_output
S3_F,partial_s3_f_s3_f_svg,panel_output
S3_F,partial_s3_a_motility_competition_paired_measurements_csv,processed_input
S3_F,partial_s3_f_s3_f_paired_effect_csv,source_data
S3_F,partial_s3_f_s3_f_paired_points_csv,source_data
S3_F,partial_s3_f_s3_f_paired_effect_statistics_csv,statistics
S3_G,partial_s3_g_s3_g_pdf,panel_output
S3_G,partial_s3_g_s3_g_png,panel_output
S3_G,partial_s3_g_s3_g_svg,panel_output
S3_G,partial_s3_a_motility_competition_paired_measurements_csv,processed_input
S3_G,partial_s3_g_s3_g_paired_effect_csv,source_data
S3_G,partial_s3_g_s3_g_paired_points_csv,source_data
S3_G,partial_s3_g_s3_g_paired_effect_statistics_csv,statistics
S3_H,partial_s3_h_s3_h_pdf,panel_output
S3_H,partial_s3_h_s3_h_png,panel_output
S3_H,partial_s3_h_s3_h_svg,panel_output
S3_H,partial_s3_a_motility_competition_paired_measurements_csv,processed_input
S3_H,partial_s3_h_s3_h_paired_effect_csv,source_data
S3_H,partial_s3_h_s3_h_paired_points_csv,source_data
S3_H,partial_s3_h_s3_h_paired_effect_statistics_csv,statistics
S3_I,partial_s3_i_s3_i_pdf,panel_output
S3_I,partial_s3_i_s3_i_png,panel_output
S3_I,partial_s3_i_s3_i_svg,panel_output
S3_I,partial_s3_a_motility_competition_paired_measurements_csv,processed_input
S3_I,partial_s3_i_s3_i_paired_effect_csv,source_data
S3_I,partial_s3_i_s3_i_paired_points_csv,source_data
S3_I,partial_s3_i_s3_i_paired_effect_statistics_csv,statistics
S4_A,partial_s4_a_s4_a_pdf,panel_output
S4_A,partial_s4_a_s4_a_png,panel_output
S4_A,partial_s4_a_s4_a_svg,panel_output
S4_A,partial_f5_d_motility_summary_parameters_adopted_csv,processed_input
S4_A,partial_s4_a_s4_a_obstacles_csv,source_data
S4_A,partial_s4_a_s4_a_simulated_trajectories_csv_gz,source_data
S4_B,partial_s4_b_s4_b_pdf,panel_output
S4_B,partial_s4_b_s4_b_png,panel_output
S4_B,partial_s4_b_s4_b_svg,panel_output
S4_B,partial_f5_d_motility_summary_parameters_adopted_csv,processed_input
S4_B,partial_s4_b_s4_b_obstacles_csv,source_data
S4_B,partial_s4_b_s4_b_simulated_trajectories_csv_gz,source_data
S4_C,partial_s4_c_s4_c_pdf,panel_output
S4_C,partial_s4_c_s4_c_png,panel_output
S4_C,partial_s4_c_s4_c_svg,panel_output
S4_C,partial_f5_d_motility_summary_parameters_adopted_csv,processed_input
S4_C,partial_s4_c_s4_c_obstacles_csv,source_data
S4_C,partial_s4_c_s4_c_simulated_trajectories_csv_gz,source_data
S4_D,partial_s4_d_s4_d_pdf,panel_output
S4_D,partial_s4_d_s4_d_png,panel_output
S4_D,partial_s4_d_s4_d_svg,panel_output
S4_D,partial_f5_d_motility_summary_parameters_adopted_csv,processed_input
S4_D,partial_s4_d_s4_d_obstacles_csv,source_data
S4_D,partial_s4_d_s4_d_simulated_trajectories_csv_gz,source_data
S4_E,partial_s4_e_s4_e_pdf,panel_output
S4_E,partial_s4_e_s4_e_png,panel_output
S4_E,partial_s4_e_s4_e_svg,panel_output
S4_E,partial_f5_d_motility_summary_parameters_adopted_csv,processed_input
S4_E,partial_s4_e_s4_e_obstacles_csv,source_data
S4_E,partial_s4_e_s4_e_simulated_trajectories_csv_gz,source_data
S4_F,partial_s4_f_s4_f_pdf,panel_output
S4_F,partial_s4_f_s4_f_png,panel_output
S4_F,partial_s4_f_s4_f_svg,panel_output
S4_F,partial_f5_d_motility_summary_parameters_adopted_csv,processed_input
S4_F,partial_s4_f_s4_f_obstacles_csv,source_data
S4_F,partial_s4_f_s4_f_simulated_trajectories_csv_gz,source_data
S5_A,partial_s5_a_s5_a_pdf,panel_output
S5_A,partial_s5_a_s5_a_png,panel_output
S5_A,partial_s5_a_s5_a_svg,panel_output
S5_A,partial_f7_a_direct_pair_track_measurements_csv_gz,processed_input
S5_A,partial_f7_a_paired_experimental_unit_measurements_csv,processed_input
S5_A,partial_s5_a_s5_a_caption_sentences_txt,source_data
S5_A,partial_s5_a_s5_a_contour_grid_audit_csv,source_data
S5_A,partial_s5_a_s5_a_paired_centroid_differences_csv,source_data
S5_A,partial_s5_a_s5_a_unit_centroids_csv,source_data
S5_B,partial_s5_b_s5_b_pdf,panel_output
S5_B,partial_s5_b_s5_b_png,panel_output
S5_B,partial_s5_b_s5_b_svg,panel_output
S5_B,partial_f7_a_direct_pair_track_measurements_csv_gz,processed_input
S5_B,partial_f7_a_paired_experimental_unit_measurements_csv,processed_input
S5_B,partial_s5_b_s5_b_caption_sentences_txt,source_data
S5_B,partial_s5_b_s5_b_contour_grid_audit_csv,source_data
S5_B,partial_s5_b_s5_b_paired_centroid_differences_csv,source_data
S5_B,partial_s5_b_s5_b_unit_centroids_csv,source_data
S5_C,partial_s5_c_s5_c_pdf,panel_output
S5_C,partial_s5_c_s5_c_png,panel_output
S5_C,partial_s5_c_s5_c_svg,panel_output
S5_C,partial_f7_a_direct_pair_track_measurements_csv_gz,processed_input
S5_C,partial_f7_a_paired_experimental_unit_measurements_csv,processed_input
S5_C,partial_s5_c_s5_c_caption_sentences_txt,source_data
S5_C,partial_s5_c_s5_c_contour_grid_audit_csv,source_data
S5_C,partial_s5_c_s5_c_paired_centroid_differences_csv,source_data
S5_C,partial_s5_c_s5_c_unit_centroids_csv,source_data
